Statistik_Code;Statistik_Label;Zeit_Code;Zeit_Label;Zeit;1_Merkmal_Code;1_Merkmal_Label;1_Auspraegung_Code;1_Auspraegung_Label;AI0501__Zweitstimmenanteil_CDU/CSU,_Bundestagswahl__Prozent;AI0502__Zweitstimmenanteil_SPD,_Bundestagswahl__Prozent;AI0503__Zweitstimmenanteil_FDP,_Bundestagswahl__Prozent;AI0504__Zweitstimmenanteil_GRUeNE,_Bundestagswahl__Prozent;AI0505__Zweitstimmenanteil_DIE_LINKE,_Bundestagswahl__Prozent;AI0507__Zweitstimmenanteil_AfD,_Bundestagswahl__Prozent;AI0506__Wahlbeteiligung,_Bundestagswahl__Prozent
99910;Regionalatlas Deutschland;JAHR;Jahr;2017;KREISE;Kreise und kreisfreie Städte;DG;Deutschland;32,9;20,5;10,7;8,9;9,2;12,6;76,2
99910;Regionalatlas Deutschland;JAHR;Jahr;2017;KREISE;Kreise und kreisfreie Städte;01;  Schleswig-Holstein;34,0;23,3;12,6;12,0;7,3;8,2;76,3
99910;Regionalatlas Deutschland;JAHR;Jahr;2017;KREISE;Kreise und kreisfreie Städte;01001;      Flensburg, kreisfreie Stadt;27,2;24,6;10,3;15,1;11,6;7,5;70,9
99910;Regionalatlas Deutschland;JAHR;Jahr;2017;KREISE;Kreise und kreisfreie Städte;01002;      Kiel, Landeshauptstadt, kreisfreie Stadt;25,9;24,1;11,4;17,5;10,7;6,9;74,1
99910;Regionalatlas Deutschland;JAHR;Jahr;2017;KREISE;Kreise und kreisfreie Städte;01003;      Lübeck, Hansestadt, kreisfreie Stadt;28,9;25,5;10,7;12,9;9,7;8,9;71,4
99910;Regionalatlas Deutschland;JAHR;Jahr;2017;KREISE;Kreise und kreisfreie Städte;01004;      Neumünster, kreisfreie Stadt;31,1;25,7;12,1;10,5;7,1;10,3;66,8
99910;Regionalatlas Deutschland;JAHR;Jahr;2017;KREISE;Kreise und kreisfreie Städte;01051;      Dithmarschen, Landkreis;36,7;23,4;14,6;8,0;6,2;8,6;72,8
99910;Regionalatlas Deutschland;JAHR;Jahr;2017;KREISE;Kreise und kreisfreie Städte;01053;      Herzogtum Lauenburg, Landkreis;34,2;23,0;12,8;10,5;6,6;10,2;77,4
99910;Regionalatlas Deutschland;JAHR;Jahr;2017;KREISE;Kreise und kreisfreie Städte;01054;      Nordfriesland, Landkreis;38,7;22,2;12,6;12,1;6,3;5,8;75,3
99910;Regionalatlas Deutschland;JAHR;Jahr;2017;KREISE;Kreise und kreisfreie Städte;01055;      Ostholstein, Landkreis;35,6;24,8;13,3;9,7;6,0;8,5;75,9
99910;Regionalatlas Deutschland;JAHR;Jahr;2017;KREISE;Kreise und kreisfreie Städte;01056;      Pinneberg, Landkreis;34,3;22,9;13,3;11,4;7,0;8,6;78,7
99910;Regionalatlas Deutschland;JAHR;Jahr;2017;KREISE;Kreise und kreisfreie Städte;01057;      Plön, Landkreis;34,2;23,2;12,8;13,6;6,3;7,7;80,2
99910;Regionalatlas Deutschland;JAHR;Jahr;2017;KREISE;Kreise und kreisfreie Städte;01058;      Rendsburg-Eckernförde, Landkreis;36,1;22,7;12,4;12,6;6,3;7,3;78,8
99910;Regionalatlas Deutschland;JAHR;Jahr;2017;KREISE;Kreise und kreisfreie Städte;01059;      Schleswig-Flensburg, Landkreis;37,1;23,3;11,5;12,3;6,9;6,6;77,2
99910;Regionalatlas Deutschland;JAHR;Jahr;2017;KREISE;Kreise und kreisfreie Städte;01060;      Segeberg, Landkreis;35,2;22,2;13,5;10,5;6,8;9,0;77,1
99910;Regionalatlas Deutschland;JAHR;Jahr;2017;KREISE;Kreise und kreisfreie Städte;01061;      Steinburg, Landkreis;36,1;23,0;12,3;10,6;7,0;8,2;75,4
99910;Regionalatlas Deutschland;JAHR;Jahr;2017;KREISE;Kreise und kreisfreie Städte;01062;      Stormarn, Landkreis;34,6;21,7;14,0;11,7;6,5;9,1;80,9
99910;Regionalatlas Deutschland;JAHR;Jahr;2017;KREISE;Kreise und kreisfreie Städte;02;  Hamburg;27,2;23,5;10,8;13,9;12,2;7,8;76,0
99910;Regionalatlas Deutschland;JAHR;Jahr;2017;KREISE;Kreise und kreisfreie Städte;03;  Niedersachsen;34,9;27,4;9,3;8,7;7,0;9,1;76,4
99910;Regionalatlas Deutschland;JAHR;Jahr;2017;KREISE;Kreise und kreisfreie Städte;031;    Braunschweig, Stat. Region;31,5;29,9;8,8;8,3;7,4;10,1;76,2
99910;Regionalatlas Deutschland;JAHR;Jahr;2017;KREISE;Kreise und kreisfreie Städte;03101;      Braunschweig, kreisfreie Stadt;29,0;26,4;10,0;11,8;9,3;8,4;76,9
99910;Regionalatlas Deutschland;JAHR;Jahr;2017;KREISE;Kreise und kreisfreie Städte;03102;      Salzgitter, kreisfreie Stadt;26,0;33,6;6,6;4,8;8,2;16,4;71,7
99910;Regionalatlas Deutschland;JAHR;Jahr;2017;KREISE;Kreise und kreisfreie Städte;03103;      Wolfsburg, kreisfreie Stadt;34,1;28,9;8,3;6,2;7,2;11,7;73,9
99910;Regionalatlas Deutschland;JAHR;Jahr;2017;KREISE;Kreise und kreisfreie Städte;03151;      Gifhorn, Landkreis;36,2;27,3;8,7;7,1;5,9;11,4;77,3
99910;Regionalatlas Deutschland;JAHR;Jahr;2017;KREISE;Kreise und kreisfreie Städte;03152;      Göttingen, Landkreis;-;-;-;-;-;-;-
99910;Regionalatlas Deutschland;JAHR;Jahr;2017;KREISE;Kreise und kreisfreie Städte;03153;      Goslar, Landkreis;31,1;31,8;9,1;6,2;7,0;11,1;74,0
99910;Regionalatlas Deutschland;JAHR;Jahr;2017;KREISE;Kreise und kreisfreie Städte;03154;      Helmstedt, Landkreis;34,8;31,2;7,9;5,8;6,3;9,9;74,5
99910;Regionalatlas Deutschland;JAHR;Jahr;2017;KREISE;Kreise und kreisfreie Städte;03155;      Northeim, Landkreis;32,5;33,3;8,8;6,8;5,7;9,5;75,4
99910;Regionalatlas Deutschland;JAHR;Jahr;2017;KREISE;Kreise und kreisfreie Städte;03156;      Osterode am Harz, Landkreis;-;-;-;-;-;-;-
99910;Regionalatlas Deutschland;JAHR;Jahr;2017;KREISE;Kreise und kreisfreie Städte;03157;      Peine, Landkreis;31,0;33,9;7,8;7,1;6,1;10,3;77,5
99910;Regionalatlas Deutschland;JAHR;Jahr;2017;KREISE;Kreise und kreisfreie Städte;03158;      Wolfenbüttel, Landkreis;31,5;30,4;9,1;8,1;7,1;9,9;79,8
99910;Regionalatlas Deutschland;JAHR;Jahr;2017;KREISE;Kreise und kreisfreie Städte;03159;      Göttingen, Landkreis;30,5;29,1;9,0;10,9;8,3;8,1;76,9
99910;Regionalatlas Deutschland;JAHR;Jahr;2017;KREISE;Kreise und kreisfreie Städte;032;    Hannover, Stat. Region;32,0;28,4;9,6;9,4;7,3;9,5;76,7
99910;Regionalatlas Deutschland;JAHR;Jahr;2017;KREISE;Kreise und kreisfreie Städte;03241;      Region Hannover, Landkreis;29,9;27,5;10,0;10,6;8,2;9,4;77,3
99910;Regionalatlas Deutschland;JAHR;Jahr;2017;KREISE;Kreise und kreisfreie Städte;03241001;      Hannover, Landeshauptstadt;25,8;26,5;10,1;13,6;10,7;8,3;76,0
99910;Regionalatlas Deutschland;JAHR;Jahr;2017;KREISE;Kreise und kreisfreie Städte;03251;      Diepholz, Landkreis;37,7;25,4;10,7;8,2;6,2;8,4;76,7
99910;Regionalatlas Deutschland;JAHR;Jahr;2017;KREISE;Kreise und kreisfreie Städte;03252;      Hameln-Pyrmont, Landkreis;32,6;30,3;8,6;7,6;7,3;10,5;74,6
99910;Regionalatlas Deutschland;JAHR;Jahr;2017;KREISE;Kreise und kreisfreie Städte;03254;      Hildesheim, Landkreis;32,6;30,9;8,2;8,8;6,5;9,3;77,7
99910;Regionalatlas Deutschland;JAHR;Jahr;2017;KREISE;Kreise und kreisfreie Städte;03255;      Holzminden, Landkreis;31,1;34,0;10,2;6,7;5,4;9,6;74,6
99910;Regionalatlas Deutschland;JAHR;Jahr;2017;KREISE;Kreise und kreisfreie Städte;03256;      Nienburg (Weser), Landkreis;37,4;27,9;8,5;8,1;5,2;9,8;73,3
99910;Regionalatlas Deutschland;JAHR;Jahr;2017;KREISE;Kreise und kreisfreie Städte;03257;      Schaumburg, Landkreis;33,0;30,4;8,7;8,1;5,9;10,3;76,7
99910;Regionalatlas Deutschland;JAHR;Jahr;2017;KREISE;Kreise und kreisfreie Städte;033;    Lüneburg, Stat. Region;36,3;25,1;9,5;9,1;6,7;9,5;77,4
99910;Regionalatlas Deutschland;JAHR;Jahr;2017;KREISE;Kreise und kreisfreie Städte;03351;      Celle, Landkreis;37,0;24,2;10,8;7,2;5,5;11,7;75,3
99910;Regionalatlas Deutschland;JAHR;Jahr;2017;KREISE;Kreise und kreisfreie Städte;03352;      Cuxhaven, Landkreis;38,0;27,8;8,1;7,0;6,8;8,9;75,6
99910;Regionalatlas Deutschland;JAHR;Jahr;2017;KREISE;Kreise und kreisfreie Städte;03353;      Harburg, Landkreis;35,9;22,0;11,7;10,2;6,3;10,0;81,3
99910;Regionalatlas Deutschland;JAHR;Jahr;2017;KREISE;Kreise und kreisfreie Städte;03354;      Lüchow-Dannenberg, Landkreis;32,9;24,1;7,7;13,3;9,8;7,8;74,1
99910;Regionalatlas Deutschland;JAHR;Jahr;2017;KREISE;Kreise und kreisfreie Städte;03355;      Lüneburg, Landkreis;30,9;23,3;9,6;13,5;8,9;9,2;79,0
99910;Regionalatlas Deutschland;JAHR;Jahr;2017;KREISE;Kreise und kreisfreie Städte;03356;      Osterholz, Landkreis;34,3;26,9;8,6;9,0;8,2;9,6;78,4
99910;Regionalatlas Deutschland;JAHR;Jahr;2017;KREISE;Kreise und kreisfreie Städte;03357;      Rotenburg (Wümme), Landkreis;41,0;25,0;8,6;8,0;5,8;8,1;77,0
99910;Regionalatlas Deutschland;JAHR;Jahr;2017;KREISE;Kreise und kreisfreie Städte;03358;      Heidekreis, Landkreis;37,7;28,1;8,3;7,3;5,5;9,7;75,2
99910;Regionalatlas Deutschland;JAHR;Jahr;2017;KREISE;Kreise und kreisfreie Städte;03359;      Stade, Landkreis;37,2;24,9;9,9;8,4;6,5;9,5;77,1
99910;Regionalatlas Deutschland;JAHR;Jahr;2017;KREISE;Kreise und kreisfreie Städte;03360;      Uelzen, Landkreis;35,8;27,6;8,9;8,7;6,4;9,4;76,0
99910;Regionalatlas Deutschland;JAHR;Jahr;2017;KREISE;Kreise und kreisfreie Städte;03361;      Verden, Landkreis;35,5;26,0;9,1;9,5;6,5;9,7;77,7
99910;Regionalatlas Deutschland;JAHR;Jahr;2017;KREISE;Kreise und kreisfreie Städte;034;    Weser-Ems, Stat. Region;38,8;26,6;9,2;8,0;6,6;7,8;75,7
99910;Regionalatlas Deutschland;JAHR;Jahr;2017;KREISE;Kreise und kreisfreie Städte;03401;      Delmenhorst, kreisfreie Stadt;30,6;29,5;8,4;6,6;7,9;13,1;70,3
99910;Regionalatlas Deutschland;JAHR;Jahr;2017;KREISE;Kreise und kreisfreie Städte;03402;      Emden, kreisfreie Stadt;22,5;38,2;7,1;8,5;10,0;10,0;71,5
99910;Regionalatlas Deutschland;JAHR;Jahr;2017;KREISE;Kreise und kreisfreie Städte;03403;      Oldenburg (Oldenburg), kreisfreie Stadt;26,9;25,6;9,5;15,1;11,6;6,7;77,9
99910;Regionalatlas Deutschland;JAHR;Jahr;2017;KREISE;Kreise und kreisfreie Städte;03404;      Osnabrück, kreisfreie Stadt;32,0;24,0;10,0;14,1;9,9;6,2;75,9
99910;Regionalatlas Deutschland;JAHR;Jahr;2017;KREISE;Kreise und kreisfreie Städte;03405;      Wilhelmshaven, kreisfreie Stadt;29,9;30,0;9,0;7,2;8,7;10,6;70,5
99910;Regionalatlas Deutschland;JAHR;Jahr;2017;KREISE;Kreise und kreisfreie Städte;03451;      Ammerland, Landkreis;35,4;26,6;11,5;9,0;6,4;7,9;77,6
99910;Regionalatlas Deutschland;JAHR;Jahr;2017;KREISE;Kreise und kreisfreie Städte;03452;      Aurich, Landkreis;29,4;37,7;7,2;7,2;6,5;8,9;75,2
99910;Regionalatlas Deutschland;JAHR;Jahr;2017;KREISE;Kreise und kreisfreie Städte;03453;      Cloppenburg, Landkreis;52,5;18,6;8,8;4,4;4,6;9,1;72,8
99910;Regionalatlas Deutschland;JAHR;Jahr;2017;KREISE;Kreise und kreisfreie Städte;03454;      Emsland, Landkreis;52,6;20,3;8,9;5,5;4,4;6,3;77,5
99910;Regionalatlas Deutschland;JAHR;Jahr;2017;KREISE;Kreise und kreisfreie Städte;03455;      Friesland, Landkreis;33,0;30,6;10,1;7,9;6,7;8,2;76,0
99910;Regionalatlas Deutschland;JAHR;Jahr;2017;KREISE;Kreise und kreisfreie Städte;03456;      Grafschaft Bentheim, Landkreis;44,7;28,0;8,9;6,2;4,8;5,3;77,2
99910;Regionalatlas Deutschland;JAHR;Jahr;2017;KREISE;Kreise und kreisfreie Städte;03457;      Leer, Landkreis;34,2;33,5;7,1;6,7;6,2;9,2;74,3
99910;Regionalatlas Deutschland;JAHR;Jahr;2017;KREISE;Kreise und kreisfreie Städte;03458;      Oldenburg, Landkreis;35,3;25,0;11,6;9,0;6,6;8,9;78,8
99910;Regionalatlas Deutschland;JAHR;Jahr;2017;KREISE;Kreise und kreisfreie Städte;03459;      Osnabrück, Landkreis;40,8;25,7;9,4;8,4;6,1;7,0;77,0
99910;Regionalatlas Deutschland;JAHR;Jahr;2017;KREISE;Kreise und kreisfreie Städte;03460;      Vechta, Landkreis;53,8;16,8;10,1;5,8;4,2;7,0;76,3
99910;Regionalatlas Deutschland;JAHR;Jahr;2017;KREISE;Kreise und kreisfreie Städte;03461;      Wesermarsch, Landkreis;33,0;32,3;9,2;7,6;6,4;8,3;72,5
99910;Regionalatlas Deutschland;JAHR;Jahr;2017;KREISE;Kreise und kreisfreie Städte;03462;      Wittmund, Landkreis;36,2;31,6;8,8;6,2;5,6;8,6;73,2
99910;Regionalatlas Deutschland;JAHR;Jahr;2017;KREISE;Kreise und kreisfreie Städte;04;  Bremen;25,1;26,8;9,3;11,1;13,4;10,0;70,8
99910;Regionalatlas Deutschland;JAHR;Jahr;2017;KREISE;Kreise und kreisfreie Städte;04011;      Bremen, kreisfreie Stadt;25,0;26,0;9,7;11,6;13,8;9,5;72,2
99910;Regionalatlas Deutschland;JAHR;Jahr;2017;KREISE;Kreise und kreisfreie Städte;04012;      Bremerhaven, kreisfreie Stadt;25,4;30,9;7,6;7,8;11,4;12,5;64,1
99910;Regionalatlas Deutschland;JAHR;Jahr;2017;KREISE;Kreise und kreisfreie Städte;05;  Nordrhein-Westfalen;32,6;26,0;13,1;7,6;7,5;9,4;75,4
99910;Regionalatlas Deutschland;JAHR;Jahr;2017;KREISE;Kreise und kreisfreie Städte;051;    Düsseldorf, Regierungsbezirk;31,7;25,8;14,0;7,1;7,6;9,7;74,5
99910;Regionalatlas Deutschland;JAHR;Jahr;2017;KREISE;Kreise und kreisfreie Städte;05111;      Düsseldorf, kreisfreie Stadt;30,4;21,2;17,6;10,0;9,2;7,9;76,5
99910;Regionalatlas Deutschland;JAHR;Jahr;2017;KREISE;Kreise und kreisfreie Städte;05112;      Duisburg, kreisfreie Stadt;24,2;32,8;9,4;5,6;8,5;13,3;68,7
99910;Regionalatlas Deutschland;JAHR;Jahr;2017;KREISE;Kreise und kreisfreie Städte;05113;      Essen, kreisfreie Stadt;27,3;28,3;12,6;7,6;8,2;11,4;73,9
99910;Regionalatlas Deutschland;JAHR;Jahr;2017;KREISE;Kreise und kreisfreie Städte;05114;      Krefeld, kreisfreie Stadt;31,9;24,9;14,6;7,8;8,1;8,3;71,5
99910;Regionalatlas Deutschland;JAHR;Jahr;2017;KREISE;Kreise und kreisfreie Städte;05116;      Mönchengladbach, kreisfreie Stadt;35,8;23,3;13,7;6,2;7,4;9,5;69,3
99910;Regionalatlas Deutschland;JAHR;Jahr;2017;KREISE;Kreise und kreisfreie Städte;05117;      Mülheim an der Ruhr, kreisfreie Stadt;28,4;28,3;13,9;7,4;7,7;10,6;77,5
99910;Regionalatlas Deutschland;JAHR;Jahr;2017;KREISE;Kreise und kreisfreie Städte;05119;      Oberhausen, kreisfreie Stadt;26,0;33,4;9,5;5,2;8,3;13,1;72,0
99910;Regionalatlas Deutschland;JAHR;Jahr;2017;KREISE;Kreise und kreisfreie Städte;05120;      Remscheid, kreisfreie Stadt;31,8;25,9;13,4;6,3;7,3;10,6;71,9
99910;Regionalatlas Deutschland;JAHR;Jahr;2017;KREISE;Kreise und kreisfreie Städte;05122;      Solingen, kreisfreie Stadt;31,4;24,8;14,4;7,5;8,1;9,7;72,8
99910;Regionalatlas Deutschland;JAHR;Jahr;2017;KREISE;Kreise und kreisfreie Städte;05124;      Wuppertal, kreisfreie Stadt;27,3;25,8;12,8;8,5;10,4;10,8;73,2
99910;Regionalatlas Deutschland;JAHR;Jahr;2017;KREISE;Kreise und kreisfreie Städte;05154;      Kleve, Kreis;41,6;23,5;13,5;6,0;5,6;6,9;74,8
99910;Regionalatlas Deutschland;JAHR;Jahr;2017;KREISE;Kreise und kreisfreie Städte;05158;      Mettmann, Kreis;33,4;23,7;16,0;7,2;6,6;9,5;77,6
99910;Regionalatlas Deutschland;JAHR;Jahr;2017;KREISE;Kreise und kreisfreie Städte;05162;      Rhein-Kreis Neuss;37,0;21,9;16,8;6,4;5,8;8,6;77,2
99910;Regionalatlas Deutschland;JAHR;Jahr;2017;KREISE;Kreise und kreisfreie Städte;05166;      Viersen, Kreis;38,1;22,3;16,0;6,7;6,0;7,5;76,2
99910;Regionalatlas Deutschland;JAHR;Jahr;2017;KREISE;Kreise und kreisfreie Städte;05170;      Wesel, Kreis;31,4;30,0;12,0;6,1;7,2;9,6;77,1
99910;Regionalatlas Deutschland;JAHR;Jahr;2017;KREISE;Kreise und kreisfreie Städte;053;    Köln, Regierungsbezirk;32,1;24,3;14,1;9,2;7,9;8,5;77,0
99910;Regionalatlas Deutschland;JAHR;Jahr;2017;KREISE;Kreise und kreisfreie Städte;05314;      Bonn, kreisfreie Stadt;29,8;20,2;15,7;14,1;9,6;7,3;79,3
99910;Regionalatlas Deutschland;JAHR;Jahr;2017;KREISE;Kreise und kreisfreie Städte;05315;      Köln, kreisfreie Stadt;26,4;23,0;13,8;13,6;11,5;7,2;75,8
99910;Regionalatlas Deutschland;JAHR;Jahr;2017;KREISE;Kreise und kreisfreie Städte;05316;      Leverkusen, kreisfreie Stadt;30,8;27,3;13,0;6,9;7,4;10,3;75,2
99910;Regionalatlas Deutschland;JAHR;Jahr;2017;KREISE;Kreise und kreisfreie Städte;05334;      Städteregion Aachen (einschl. Stadt Aachen);29,4;30,6;12,5;8,5;7,9;7,4;77,0
99910;Regionalatlas Deutschland;JAHR;Jahr;2017;KREISE;Kreise und kreisfreie Städte;05334002;      Aachen, krfr. Stadt;27,8;24,8;14,2;12,8;10,3;5,9;78,4
99910;Regionalatlas Deutschland;JAHR;Jahr;2017;KREISE;Kreise und kreisfreie Städte;05354;      Aachen, Kreis;-;-;-;-;-;-;-
99910;Regionalatlas Deutschland;JAHR;Jahr;2017;KREISE;Kreise und kreisfreie Städte;05358;      Düren, Kreis;34,9;29,2;11,4;5,5;5,9;9,6;75,9
99910;Regionalatlas Deutschland;JAHR;Jahr;2017;KREISE;Kreise und kreisfreie Städte;05362;      Rhein-Erft-Kreis;33,4;25,9;14,4;6,9;6,2;9,6;77,1
99910;Regionalatlas Deutschland;JAHR;Jahr;2017;KREISE;Kreise und kreisfreie Städte;05366;      Euskirchen, Kreis;37,5;22,4;15,0;5,9;5,8;9,9;75,1
99910;Regionalatlas Deutschland;JAHR;Jahr;2017;KREISE;Kreise und kreisfreie Städte;05370;      Heinsberg, Kreis;39,5;25,9;11,4;5,2;5,6;8,7;74,9
99910;Regionalatlas Deutschland;JAHR;Jahr;2017;KREISE;Kreise und kreisfreie Städte;05374;      Oberbergischer Kreis;36,5;22,6;13,8;6,4;6,4;10,6;75,1
99910;Regionalatlas Deutschland;JAHR;Jahr;2017;KREISE;Kreise und kreisfreie Städte;05378;      Rheinisch-Bergischer Kreis;35,6;21,0;16,7;9,0;6,4;8,0;80,2
99910;Regionalatlas Deutschland;JAHR;Jahr;2017;KREISE;Kreise und kreisfreie Städte;05382;      Rhein-Sieg-Kreis;34,8;21,2;16,1;8,1;6,8;9,4;79,1
99910;Regionalatlas Deutschland;JAHR;Jahr;2017;KREISE;Kreise und kreisfreie Städte;055;    Münster, Regierungsbezirk;36,1;26,1;11,9;7,1;6,6;8,8;76,8
99910;Regionalatlas Deutschland;JAHR;Jahr;2017;KREISE;Kreise und kreisfreie Städte;05512;      Bottrop, kreisfreie Stadt;28,1;32,5;10,4;4,8;7,2;12,5;75,1
99910;Regionalatlas Deutschland;JAHR;Jahr;2017;KREISE;Kreise und kreisfreie Städte;05513;      Gelsenkirchen, kreisfreie Stadt;22,4;33,5;9,2;4,6;7,4;17,0;68,2
99910;Regionalatlas Deutschland;JAHR;Jahr;2017;KREISE;Kreise und kreisfreie Städte;05515;      Münster, kreisfreie Stadt;32,8;20,9;13,5;14,6;10,1;4,9;82,3
99910;Regionalatlas Deutschland;JAHR;Jahr;2017;KREISE;Kreise und kreisfreie Städte;05554;      Borken, Kreis;46,9;21,4;13,1;5,7;4,4;6,1;78,1
99910;Regionalatlas Deutschland;JAHR;Jahr;2017;KREISE;Kreise und kreisfreie Städte;05558;      Coesfeld, Kreis;43,9;21,1;13,6;7,4;5,4;6,2;81,1
99910;Regionalatlas Deutschland;JAHR;Jahr;2017;KREISE;Kreise und kreisfreie Städte;05562;      Recklinghausen, Kreis;29,6;31,3;10,5;5,3;6,8;12,3;74,0
99910;Regionalatlas Deutschland;JAHR;Jahr;2017;KREISE;Kreise und kreisfreie Städte;05566;      Steinfurt, Kreis;39,8;25,9;11,9;7,1;6,1;6,5;77,9
99910;Regionalatlas Deutschland;JAHR;Jahr;2017;KREISE;Kreise und kreisfreie Städte;05570;      Warendorf, Kreis;40,3;24,0;13,1;6,7;5,5;7,4;78,0
99910;Regionalatlas Deutschland;JAHR;Jahr;2017;KREISE;Kreise und kreisfreie Städte;057;    Detmold, Regierungsbezirk;34,4;25,1;12,3;7,7;7,2;9,9;75,0
99910;Regionalatlas Deutschland;JAHR;Jahr;2017;KREISE;Kreise und kreisfreie Städte;05711;      Bielefeld, kreisfreie Stadt;27,5;25,4;11,5;11,1;11,2;9,0;75,5
99910;Regionalatlas Deutschland;JAHR;Jahr;2017;KREISE;Kreise und kreisfreie Städte;05754;      Gütersloh, Kreis;38,2;22,8;13,1;7,9;6,1;8,7;75,7
99910;Regionalatlas Deutschland;JAHR;Jahr;2017;KREISE;Kreise und kreisfreie Städte;05758;      Herford, Kreis;31,4;29,0;11,3;6,9;7,0;10,9;73,8
99910;Regionalatlas Deutschland;JAHR;Jahr;2017;KREISE;Kreise und kreisfreie Städte;05762;      Höxter, Kreis;42,4;22,1;12,7;5,4;5,6;8,9;76,7
99910;Regionalatlas Deutschland;JAHR;Jahr;2017;KREISE;Kreise und kreisfreie Städte;05766;      Lippe, Kreis;31,4;27,8;12,3;7,2;6,9;10,8;75,3
99910;Regionalatlas Deutschland;JAHR;Jahr;2017;KREISE;Kreise und kreisfreie Städte;05770;      Minden-Lübbecke, Kreis;32,9;29,0;11,5;6,5;6,4;10,6;73,9
99910;Regionalatlas Deutschland;JAHR;Jahr;2017;KREISE;Kreise und kreisfreie Städte;05774;      Paderborn, Kreis;40,8;18,7;13,4;7,4;6,7;9,9;75,0
99910;Regionalatlas Deutschland;JAHR;Jahr;2017;KREISE;Kreise und kreisfreie Städte;059;    Arnsberg, Regierungsbezirk;30,8;28,7;12,0;6,4;7,6;10,4;74,2
99910;Regionalatlas Deutschland;JAHR;Jahr;2017;KREISE;Kreise und kreisfreie Städte;05911;      Bochum, kreisfreie Stadt;24,9;30,7;10,7;8,4;10,1;10,5;75,3
99910;Regionalatlas Deutschland;JAHR;Jahr;2017;KREISE;Kreise und kreisfreie Städte;05913;      Dortmund, kreisfreie Stadt;24,5;31,3;11,0;8,4;9,6;10,3;72,3
99910;Regionalatlas Deutschland;JAHR;Jahr;2017;KREISE;Kreise und kreisfreie Städte;05914;      Hagen, kreisfreie Stadt;28,2;29,6;11,9;5,3;7,5;12,8;70,8
99910;Regionalatlas Deutschland;JAHR;Jahr;2017;KREISE;Kreise und kreisfreie Städte;05915;      Hamm, kreisfreie Stadt;30,6;31,4;10,3;5,2;7,1;11,1;72,4
99910;Regionalatlas Deutschland;JAHR;Jahr;2017;KREISE;Kreise und kreisfreie Städte;05916;      Herne, kreisfreie Stadt;23,6;34,5;9,2;5,3;7,8;13,9;70,4
99910;Regionalatlas Deutschland;JAHR;Jahr;2017;KREISE;Kreise und kreisfreie Städte;05954;      Ennepe-Ruhr-Kreis;28,1;29,5;13,0;7,7;7,8;9,8;76,5
99910;Regionalatlas Deutschland;JAHR;Jahr;2017;KREISE;Kreise und kreisfreie Städte;05958;      Hochsauerlandkreis;41,7;22,8;14,3;4,7;5,4;8,0;76,0
99910;Regionalatlas Deutschland;JAHR;Jahr;2017;KREISE;Kreise und kreisfreie Städte;05962;      Märkischer Kreis;34,0;26,1;13,4;5,0;6,5;11,3;72,1
99910;Regionalatlas Deutschland;JAHR;Jahr;2017;KREISE;Kreise und kreisfreie Städte;05966;      Olpe, Kreis;46,9;20,2;14,1;4,0;4,4;7,7;76,5
99910;Regionalatlas Deutschland;JAHR;Jahr;2017;KREISE;Kreise und kreisfreie Städte;05970;      Siegen-Wittgenstein, Kreis;34,0;26,4;11,9;5,5;7,8;10,7;76,2
99910;Regionalatlas Deutschland;JAHR;Jahr;2017;KREISE;Kreise und kreisfreie Städte;05974;      Soest, Kreis;36,3;25,0;13,5;6,2;6,8;9,3;75,1
99910;Regionalatlas Deutschland;JAHR;Jahr;2017;KREISE;Kreise und kreisfreie Städte;05978;      Unna, Kreis;28,2;32,9;11,2;6,3;6,9;10,3;75,3
99910;Regionalatlas Deutschland;JAHR;Jahr;2017;KREISE;Kreise und kreisfreie Städte;06;  Hessen;30,9;23,5;11,5;9,7;8,1;11,9;77,0
99910;Regionalatlas Deutschland;JAHR;Jahr;2017;KREISE;Kreise und kreisfreie Städte;064;    Darmstadt, Regierungsbezirk;30,6;21,7;12,7;10,8;8,3;11,4;77,5
99910;Regionalatlas Deutschland;JAHR;Jahr;2017;KREISE;Kreise und kreisfreie Städte;06411;      Darmstadt, kreisfreie Stadt;23,8;20,6;10,7;18,4;13,1;8,4;78,6
99910;Regionalatlas Deutschland;JAHR;Jahr;2017;KREISE;Kreise und kreisfreie Städte;06412;      Frankfurt am Main, kreisfreie Stadt;26,4;20,1;14,1;14,6;11,9;8,6;74,9
99910;Regionalatlas Deutschland;JAHR;Jahr;2017;KREISE;Kreise und kreisfreie Städte;06413;      Offenbach am Main, kreisfreie Stadt;27,2;23,8;9,8;10,6;11,7;12,0;67,6
99910;Regionalatlas Deutschland;JAHR;Jahr;2017;KREISE;Kreise und kreisfreie Städte;06414;      Wiesbaden, Landeshauptstadt, kreisfreie Stadt;29,0;21,2;13,3;11,8;9,5;11,2;73,8
99910;Regionalatlas Deutschland;JAHR;Jahr;2017;KREISE;Kreise und kreisfreie Städte;06431;      Bergstraße, Landkreis;33,2;22,3;11,8;8,8;6,6;12,9;78,7
99910;Regionalatlas Deutschland;JAHR;Jahr;2017;KREISE;Kreise und kreisfreie Städte;06432;      Darmstadt-Dieburg, Landkreis;30,7;23,8;11,0;10,6;8,0;11,1;79,6
99910;Regionalatlas Deutschland;JAHR;Jahr;2017;KREISE;Kreise und kreisfreie Städte;06433;      Groß-Gerau, Landkreis;30,5;25,4;9,6;9,0;8,2;12,2;76,3
99910;Regionalatlas Deutschland;JAHR;Jahr;2017;KREISE;Kreise und kreisfreie Städte;06434;      Hochtaunuskreis;34,0;17,5;17,7;10,7;6,3;10,2;82,1
99910;Regionalatlas Deutschland;JAHR;Jahr;2017;KREISE;Kreise und kreisfreie Städte;06435;      Main-Kinzig-Kreis;30,9;23,3;11,0;7,9;7,1;14,7;76,6
99910;Regionalatlas Deutschland;JAHR;Jahr;2017;KREISE;Kreise und kreisfreie Städte;06436;      Main-Taunus-Kreis;34,5;18,6;15,7;10,6;6,2;10,6;81,3
99910;Regionalatlas Deutschland;JAHR;Jahr;2017;KREISE;Kreise und kreisfreie Städte;06437;      Odenwaldkreis;31,2;26,9;9,4;7,3;7,7;13,1;76,6
99910;Regionalatlas Deutschland;JAHR;Jahr;2017;KREISE;Kreise und kreisfreie Städte;06438;      Offenbach, Landkreis;33,0;20,3;13,2;9,8;7,4;11,9;78,4
99910;Regionalatlas Deutschland;JAHR;Jahr;2017;KREISE;Kreise und kreisfreie Städte;06439;      Rheingau-Taunus-Kreis;33,4;20,7;13,8;9,8;6,6;11,6;80,4
99910;Regionalatlas Deutschland;JAHR;Jahr;2017;KREISE;Kreise und kreisfreie Städte;06440;      Wetteraukreis;31,5;23,1;12,3;9,0;6,7;12,3;78,0
99910;Regionalatlas Deutschland;JAHR;Jahr;2017;KREISE;Kreise und kreisfreie Städte;065;    Gießen, Regierungsbezirk;31,9;24,7;10,0;8,3;8,0;12,7;76,1
99910;Regionalatlas Deutschland;JAHR;Jahr;2017;KREISE;Kreise und kreisfreie Städte;06531;      Gießen, Landkreis;29,4;23,7;10,6;10,2;8,7;12,1;76,9
99910;Regionalatlas Deutschland;JAHR;Jahr;2017;KREISE;Kreise und kreisfreie Städte;06532;      Lahn-Dill-Kreis;33,9;24,6;9,6;6,8;6,6;13,9;73,6
99910;Regionalatlas Deutschland;JAHR;Jahr;2017;KREISE;Kreise und kreisfreie Städte;06533;      Limburg-Weilburg, Landkreis;35,3;22,8;11,5;7,0;6,3;12,7;76,2
99910;Regionalatlas Deutschland;JAHR;Jahr;2017;KREISE;Kreise und kreisfreie Städte;06534;      Marburg-Biedenkopf, Landkreis;30,1;26,4;8,7;9,3;10,2;11,5;77,7
99910;Regionalatlas Deutschland;JAHR;Jahr;2017;KREISE;Kreise und kreisfreie Städte;06535;      Vogelsbergkreis;32,1;26,3;9,7;6,7;6,7;14,1;76,0
99910;Regionalatlas Deutschland;JAHR;Jahr;2017;KREISE;Kreise und kreisfreie Städte;066;    Kassel, Regierungsbezirk;30,6;28,0;9,5;7,7;7,6;12,7;76,5
99910;Regionalatlas Deutschland;JAHR;Jahr;2017;KREISE;Kreise und kreisfreie Städte;06611;      Kassel, kreisfreie Stadt;23,6;25,5;8,9;13,7;13,6;9,9;73,0
99910;Regionalatlas Deutschland;JAHR;Jahr;2017;KREISE;Kreise und kreisfreie Städte;06631;      Fulda, Landkreis;40,9;16,2;10,9;6,7;5,6;16,2;77,3
99910;Regionalatlas Deutschland;JAHR;Jahr;2017;KREISE;Kreise und kreisfreie Städte;06632;      Hersfeld-Rotenburg, Landkreis;30,0;31,7;8,8;5,1;6,1;14,7;76,2
99910;Regionalatlas Deutschland;JAHR;Jahr;2017;KREISE;Kreise und kreisfreie Städte;06633;      Kassel, Landkreis;27,8;33,5;9,0;7,3;7,4;11,3;78,6
99910;Regionalatlas Deutschland;JAHR;Jahr;2017;KREISE;Kreise und kreisfreie Städte;06634;      Schwalm-Eder-Kreis;28,1;32,6;9,0;6,6;6,4;12,9;78,1
99910;Regionalatlas Deutschland;JAHR;Jahr;2017;KREISE;Kreise und kreisfreie Städte;06635;      Waldeck-Frankenberg, Landkreis;33,1;26,6;10,9;6,8;6,7;12,4;75,0
99910;Regionalatlas Deutschland;JAHR;Jahr;2017;KREISE;Kreise und kreisfreie Städte;06636;      Werra-Meißner-Kreis;28,7;33,6;8,0;7,0;7,4;11,2;75,7
99910;Regionalatlas Deutschland;JAHR;Jahr;2017;KREISE;Kreise und kreisfreie Städte;07;  Rheinland-Pfalz;35,9;24,1;10,4;7,6;6,8;11,2;77,7
99910;Regionalatlas Deutschland;JAHR;Jahr;2017;KREISE;Kreise und kreisfreie Städte;071;    Koblenz, Stat. Region;38,2;24,6;10,7;6,5;6,3;10,3;76,9
99910;Regionalatlas Deutschland;JAHR;Jahr;2017;KREISE;Kreise und kreisfreie Städte;07111;      Koblenz, kreisfreie Stadt;35,9;22,7;11,4;9,9;8,1;8,4;75,3
99910;Regionalatlas Deutschland;JAHR;Jahr;2017;KREISE;Kreise und kreisfreie Städte;07131;      Ahrweiler, Landkreis;41,8;20,4;13,0;7,2;5,7;8,8;79,3
99910;Regionalatlas Deutschland;JAHR;Jahr;2017;KREISE;Kreise und kreisfreie Städte;07132;      Altenkirchen (Westerwald), Landkreis;38,8;25,5;10,0;5,3;6,3;10,9;75,4
99910;Regionalatlas Deutschland;JAHR;Jahr;2017;KREISE;Kreise und kreisfreie Städte;07133;      Bad Kreuznach, Landkreis;34,3;26,8;10,1;6,9;6,6;11,6;76,6
99910;Regionalatlas Deutschland;JAHR;Jahr;2017;KREISE;Kreise und kreisfreie Städte;07134;      Birkenfeld, Landkreis;33,9;28,7;9,4;5,0;7,4;12,0;73,6
99910;Regionalatlas Deutschland;JAHR;Jahr;2017;KREISE;Kreise und kreisfreie Städte;07135;      Cochem-Zell, Landkreis;46,9;20,9;11,0;4,9;4,9;8,5;78,5
99910;Regionalatlas Deutschland;JAHR;Jahr;2017;KREISE;Kreise und kreisfreie Städte;07137;      Mayen-Koblenz, Landkreis;40,2;24,2;10,4;6,4;5,7;10,1;76,7
99910;Regionalatlas Deutschland;JAHR;Jahr;2017;KREISE;Kreise und kreisfreie Städte;07138;      Neuwied, Landkreis;37,7;25,3;10,2;6,5;6,3;10,6;76,3
99910;Regionalatlas Deutschland;JAHR;Jahr;2017;KREISE;Kreise und kreisfreie Städte;07140;      Rhein-Hunsrück-Kreis;38,7;24,2;11,0;6,0;6,6;9,8;78,2
99910;Regionalatlas Deutschland;JAHR;Jahr;2017;KREISE;Kreise und kreisfreie Städte;07141;      Rhein-Lahn-Kreis;33,3;28,1;10,2;6,7;6,4;10,9;77,7
99910;Regionalatlas Deutschland;JAHR;Jahr;2017;KREISE;Kreise und kreisfreie Städte;07143;      Westerwaldkreis;39,5;23,5;11,0;5,9;5,8;10,8;77,7
99910;Regionalatlas Deutschland;JAHR;Jahr;2017;KREISE;Kreise und kreisfreie Städte;072;    Trier, Stat. Region;40,6;23,3;9,9;7,5;7,3;8,0;78,0
99910;Regionalatlas Deutschland;JAHR;Jahr;2017;KREISE;Kreise und kreisfreie Städte;07211;      Trier, kreisfreie Stadt;32,5;23,8;9,5;12,2;10,9;7,8;74,8
99910;Regionalatlas Deutschland;JAHR;Jahr;2017;KREISE;Kreise und kreisfreie Städte;07231;      Bernkastel-Wittlich, Landkreis;42,4;21,9;11,1;6,1;6,3;8,4;78,0
99910;Regionalatlas Deutschland;JAHR;Jahr;2017;KREISE;Kreise und kreisfreie Städte;07232;      Eifelkreis Bitburg-Prüm;43,9;23,2;10,1;6,4;5,5;7,4;76,6
99910;Regionalatlas Deutschland;JAHR;Jahr;2017;KREISE;Kreise und kreisfreie Städte;07233;      Vulkaneifel, Landkreis;45,8;20,7;10,4;5,6;6,3;8,2;77,7
99910;Regionalatlas Deutschland;JAHR;Jahr;2017;KREISE;Kreise und kreisfreie Städte;07235;      Trier-Saarburg, Landkreis;40,5;25,2;9,1;6,9;7,1;8,1;81,3
99910;Regionalatlas Deutschland;JAHR;Jahr;2017;KREISE;Kreise und kreisfreie Städte;073;    Rheinhessen-Pfalz, Stat. Region;32,9;24,0;10,3;8,4;7,1;12,8;78,1
99910;Regionalatlas Deutschland;JAHR;Jahr;2017;KREISE;Kreise und kreisfreie Städte;07311;      Frankenthal (Pfalz), kreisfreie Stadt;32,5;23,0;9,9;6,8;7,6;16,5;73,7
99910;Regionalatlas Deutschland;JAHR;Jahr;2017;KREISE;Kreise und kreisfreie Städte;07312;      Kaiserslautern, kreisfreie Stadt;28,1;25,0;10,3;8,7;9,5;13,7;71,3
99910;Regionalatlas Deutschland;JAHR;Jahr;2017;KREISE;Kreise und kreisfreie Städte;07313;      Landau in der Pfalz, kreisfreie Stadt;30,4;21,1;10,0;14,3;9,3;10,0;77,6
99910;Regionalatlas Deutschland;JAHR;Jahr;2017;KREISE;Kreise und kreisfreie Städte;07314;      Ludwigshafen am Rhein, kreisfreie Stadt;27,6;27,2;9,1;7,2;7,4;16,3;70,3
99910;Regionalatlas Deutschland;JAHR;Jahr;2017;KREISE;Kreise und kreisfreie Städte;07315;      Mainz, kreisfreie Stadt;30,7;21,4;11,1;15,2;9,8;7,3;80,8
99910;Regionalatlas Deutschland;JAHR;Jahr;2017;KREISE;Kreise und kreisfreie Städte;07316;      Neustadt an der Weinstraße, kreisfreie Stadt;35,5;20,1;10,9;10,0;5,8;12,0;78,9
99910;Regionalatlas Deutschland;JAHR;Jahr;2017;KREISE;Kreise und kreisfreie Städte;07317;      Pirmasens, kreisfreie Stadt;31,2;26,2;9,5;4,0;8,0;16,1;68,4
99910;Regionalatlas Deutschland;JAHR;Jahr;2017;KREISE;Kreise und kreisfreie Städte;07318;      Speyer, kreisfreie Stadt;32,0;21,6;10,0;10,8;8,1;13,5;76,3
99910;Regionalatlas Deutschland;JAHR;Jahr;2017;KREISE;Kreise und kreisfreie Städte;07319;      Worms, kreisfreie Stadt;30,6;25,7;9,6;7,7;7,1;15,0;73,4
99910;Regionalatlas Deutschland;JAHR;Jahr;2017;KREISE;Kreise und kreisfreie Städte;07320;      Zweibrücken, kreisfreie Stadt;30,2;26,3;9,1;6,0;9,4;14,5;71,5
99910;Regionalatlas Deutschland;JAHR;Jahr;2017;KREISE;Kreise und kreisfreie Städte;07331;      Alzey-Worms, Landkreis;32,2;26,3;10,4;7,3;6,1;13,8;80,7
99910;Regionalatlas Deutschland;JAHR;Jahr;2017;KREISE;Kreise und kreisfreie Städte;07332;      Bad Dürkheim, Landkreis;34,8;23,5;11,7;7,9;5,6;12,4;81,2
99910;Regionalatlas Deutschland;JAHR;Jahr;2017;KREISE;Kreise und kreisfreie Städte;07333;      Donnersbergkreis;30,0;28,4;9,2;6,3;6,8;13,7;76,2
99910;Regionalatlas Deutschland;JAHR;Jahr;2017;KREISE;Kreise und kreisfreie Städte;07334;      Germersheim, Landkreis;34,6;21,8;10,4;6,8;5,9;16,3;78,4
99910;Regionalatlas Deutschland;JAHR;Jahr;2017;KREISE;Kreise und kreisfreie Städte;07335;      Kaiserslautern, Landkreis;33,5;25,9;8,5;5,6;7,2;14,0;77,4
99910;Regionalatlas Deutschland;JAHR;Jahr;2017;KREISE;Kreise und kreisfreie Städte;07336;      Kusel, Landkreis;28,1;32,4;7,5;5,0;8,0;14,0;76,8
99910;Regionalatlas Deutschland;JAHR;Jahr;2017;KREISE;Kreise und kreisfreie Städte;07337;      Südliche Weinstraße, Landkreis;36,8;22,3;10,3;8,4;5,9;12,2;80,7
99910;Regionalatlas Deutschland;JAHR;Jahr;2017;KREISE;Kreise und kreisfreie Städte;07338;      Rhein-Pfalz-Kreis;35,5;21,8;11,2;7,9;5,5;13,8;81,7
99910;Regionalatlas Deutschland;JAHR;Jahr;2017;KREISE;Kreise und kreisfreie Städte;07339;      Mainz-Bingen, Landkreis;35,4;23,1;11,5;10,0;6,6;9,8;82,6
99910;Regionalatlas Deutschland;JAHR;Jahr;2017;KREISE;Kreise und kreisfreie Städte;07340;      Südwestpfalz, Landkreis;38,7;24,0;9,2;4,3;6,3;12,9;80,4
99910;Regionalatlas Deutschland;JAHR;Jahr;2017;KREISE;Kreise und kreisfreie Städte;08;  Baden-Württemberg, Land;34,4;16,4;12,7;13,5;6,4;12,2;78,3
99910;Regionalatlas Deutschland;JAHR;Jahr;2017;KREISE;Kreise und kreisfreie Städte;081;    Stuttgart, Regierungsbezirk;33,6;16,5;13,9;13,1;6,1;12,6;78,9
99910;Regionalatlas Deutschland;JAHR;Jahr;2017;KREISE;Kreise und kreisfreie Städte;08111;      Stuttgart, Landeshauptstadt, Stadtkreis;29,0;15,7;15,2;17,6;9,2;8,8;79,6
99910;Regionalatlas Deutschland;JAHR;Jahr;2017;KREISE;Kreise und kreisfreie Städte;08115;      Böblingen, Landkreis;35,4;15,4;15,2;12,7;5,3;11,7;80,2
99910;Regionalatlas Deutschland;JAHR;Jahr;2017;KREISE;Kreise und kreisfreie Städte;08116;      Esslingen, Landkreis;33,5;15,9;14,4;14,4;5,8;11,7;80,8
99910;Regionalatlas Deutschland;JAHR;Jahr;2017;KREISE;Kreise und kreisfreie Städte;08117;      Göppingen, Landkreis;33,3;17,6;12,6;12,3;5,1;14,7;77,1
99910;Regionalatlas Deutschland;JAHR;Jahr;2017;KREISE;Kreise und kreisfreie Städte;08118;      Ludwigsburg, Landkreis;33,1;16,6;14,4;13,8;5,8;11,9;80,6
99910;Regionalatlas Deutschland;JAHR;Jahr;2017;KREISE;Kreise und kreisfreie Städte;08119;      Rems-Murr-Kreis, Landkreis;32,9;16,0;15,5;12,0;5,6;13,7;79,3
99910;Regionalatlas Deutschland;JAHR;Jahr;2017;KREISE;Kreise und kreisfreie Städte;08121;      Heilbronn, , Universitätsstadt, Stadtkreis;29,0;18,5;13,4;11,2;6,9;16,4;73,0
99910;Regionalatlas Deutschland;JAHR;Jahr;2017;KREISE;Kreise und kreisfreie Städte;08125;      Heilbronn, Landkreis;33,2;16,9;13,8;10,7;5,1;15,7;79,4
99910;Regionalatlas Deutschland;JAHR;Jahr;2017;KREISE;Kreise und kreisfreie Städte;08126;      Hohenlohekreis, Landkreis;36,0;15,5;13,4;10,8;5,2;14,8;77,2
99910;Regionalatlas Deutschland;JAHR;Jahr;2017;KREISE;Kreise und kreisfreie Städte;08127;      Schwäbisch Hall, Landkreis;33,3;16,6;12,4;12,8;5,9;14,5;75,4
99910;Regionalatlas Deutschland;JAHR;Jahr;2017;KREISE;Kreise und kreisfreie Städte;08128;      Main-Tauber-Kreis, Landkreis;39,8;16,0;11,2;9,0;5,7;13,6;78,6
99910;Regionalatlas Deutschland;JAHR;Jahr;2017;KREISE;Kreise und kreisfreie Städte;08135;      Heidenheim, Landkreis;34,0;20,6;10,0;11,6;6,0;13,3;75,8
99910;Regionalatlas Deutschland;JAHR;Jahr;2017;KREISE;Kreise und kreisfreie Städte;08136;      Ostalbkreis, Landkreis;39,3;16,9;11,2;10,9;5,6;12,3;77,3
99910;Regionalatlas Deutschland;JAHR;Jahr;2017;KREISE;Kreise und kreisfreie Städte;082;    Karlsruhe, Regierungsbezirk;33,3;17,4;12,4;12,5;6,6;13,1;77,8
99910;Regionalatlas Deutschland;JAHR;Jahr;2017;KREISE;Kreise und kreisfreie Städte;08211;      Baden-Baden, Stadtkreis;37,3;15,8;13,8;13,2;6,1;10,7;75,6
99910;Regionalatlas Deutschland;JAHR;Jahr;2017;KREISE;Kreise und kreisfreie Städte;08212;      Karlsruhe, Stadtkreis;27,8;16,8;12,0;18,3;9,6;10,4;77,6
99910;Regionalatlas Deutschland;JAHR;Jahr;2017;KREISE;Kreise und kreisfreie Städte;08215;      Karlsruhe, Landkreis;35,7;16,7;12,5;11,5;5,4;13,6;79,6
99910;Regionalatlas Deutschland;JAHR;Jahr;2017;KREISE;Kreise und kreisfreie Städte;08216;      Rastatt, Landkreis;38,0;17,3;11,0;11,0;5,2;13,2;76,2
99910;Regionalatlas Deutschland;JAHR;Jahr;2017;KREISE;Kreise und kreisfreie Städte;08221;      Heidelberg, Stadtkreis;26,7;17,4;12,1;21,9;10,4;7,8;81,6
99910;Regionalatlas Deutschland;JAHR;Jahr;2017;KREISE;Kreise und kreisfreie Städte;08222;      Mannheim, Stadtkreis;27,1;21,2;11,2;13,2;9,1;12,8;73,0
99910;Regionalatlas Deutschland;JAHR;Jahr;2017;KREISE;Kreise und kreisfreie Städte;08225;      Neckar-Odenwald-Kreis, Landkreis;39,8;17,7;10,6;7,9;5,4;14,1;76,4
99910;Regionalatlas Deutschland;JAHR;Jahr;2017;KREISE;Kreise und kreisfreie Städte;08226;      Rhein-Neckar-Kreis, Landkreis;33,0;18,9;12,5;11,8;6,4;12,8;80,2
99910;Regionalatlas Deutschland;JAHR;Jahr;2017;KREISE;Kreise und kreisfreie Städte;08231;      Pforzheim, Stadtkreis;30,2;16,7;13,0;9,4;6,6;19,3;69,4
99910;Regionalatlas Deutschland;JAHR;Jahr;2017;KREISE;Kreise und kreisfreie Städte;08235;      Calw, Landkreis;37,7;14,3;13,0;10,3;5,3;15,2;78,1
99910;Regionalatlas Deutschland;JAHR;Jahr;2017;KREISE;Kreise und kreisfreie Städte;08236;      Enzkreis, Landkreis;33,9;16,1;13,9;11,4;4,8;14,9;80,3
99910;Regionalatlas Deutschland;JAHR;Jahr;2017;KREISE;Kreise und kreisfreie Städte;08237;      Freudenstadt, Landkreis;36,4;14,6;16,0;9,4;4,9;14,7;76,7
99910;Regionalatlas Deutschland;JAHR;Jahr;2017;KREISE;Kreise und kreisfreie Städte;083;    Freiburg, Regierungsbezirk;35,2;16,6;11,4;14,8;6,6;10,9;77,2
99910;Regionalatlas Deutschland;JAHR;Jahr;2017;KREISE;Kreise und kreisfreie Städte;08311;      Freiburg im Breisgau, Stadtkreis;24,5;17,7;8,8;23,3;13,4;7,2;80,9
99910;Regionalatlas Deutschland;JAHR;Jahr;2017;KREISE;Kreise und kreisfreie Städte;08315;      Breisgau-Hochschwarzwald, Landkreis;36,3;16,6;11,0;16,2;6,2;9,3;80,8
99910;Regionalatlas Deutschland;JAHR;Jahr;2017;KREISE;Kreise und kreisfreie Städte;08316;      Emmendingen, Landkreis;35,2;18,4;10,5;14,9;6,2;10,0;79,6
99910;Regionalatlas Deutschland;JAHR;Jahr;2017;KREISE;Kreise und kreisfreie Städte;08317;      Ortenaukreis, Landkreis;37,3;16,8;11,0;13,2;5,3;12,0;75,4
99910;Regionalatlas Deutschland;JAHR;Jahr;2017;KREISE;Kreise und kreisfreie Städte;08325;      Rottweil, Landkreis;38,2;14,6;13,6;10,1;4,5;13,8;76,8
99910;Regionalatlas Deutschland;JAHR;Jahr;2017;KREISE;Kreise und kreisfreie Städte;08326;      Schwarzwald-Baar-Kreis, Landkreis;37,4;15,4;12,3;12,2;5,5;12,8;75,6
99910;Regionalatlas Deutschland;JAHR;Jahr;2017;KREISE;Kreise und kreisfreie Städte;08327;      Tuttlingen, Landkreis;37,8;14,6;13,5;10,3;5,1;14,1;75,7
99910;Regionalatlas Deutschland;JAHR;Jahr;2017;KREISE;Kreise und kreisfreie Städte;08335;      Konstanz, Landkreis;33,2;15,6;13,2;16,0;7,2;10,3;77,4
99910;Regionalatlas Deutschland;JAHR;Jahr;2017;KREISE;Kreise und kreisfreie Städte;08336;      Lörrach, Landkreis;34,2;18,3;10,9;15,0;6,1;10,9;75,3
99910;Regionalatlas Deutschland;JAHR;Jahr;2017;KREISE;Kreise und kreisfreie Städte;08337;      Waldshut, Landkreis;40,1;16,6;10,8;12,7;5,1;10,5;74,7
99910;Regionalatlas Deutschland;JAHR;Jahr;2017;KREISE;Kreise und kreisfreie Städte;084;    Tübingen, Regierungsbezirk;36,8;14,5;12,3;14,1;6,2;11,6;78,9
99910;Regionalatlas Deutschland;JAHR;Jahr;2017;KREISE;Kreise und kreisfreie Städte;08415;      Reutlingen, Landkreis;34,5;14,9;13,7;13,9;6,1;12,9;78,8
99910;Regionalatlas Deutschland;JAHR;Jahr;2017;KREISE;Kreise und kreisfreie Städte;08416;      Tübingen, Landkreis;30,1;15,7;11,5;19,5;10,3;8,8;82,6
99910;Regionalatlas Deutschland;JAHR;Jahr;2017;KREISE;Kreise und kreisfreie Städte;08417;      Zollernalbkreis, Landkreis;35,4;15,2;14,1;10,9;5,4;14,6;75,3
99910;Regionalatlas Deutschland;JAHR;Jahr;2017;KREISE;Kreise und kreisfreie Städte;08421;      Ulm, Stadtkreis;30,9;17,5;11,8;17,0;7,6;10,2;78,1
99910;Regionalatlas Deutschland;JAHR;Jahr;2017;KREISE;Kreise und kreisfreie Städte;08425;      Alb-Donau-Kreis, Landkreis;40,5;14,9;11,4;11,8;4,5;12,5;80,6
99910;Regionalatlas Deutschland;JAHR;Jahr;2017;KREISE;Kreise und kreisfreie Städte;08426;      Biberach, Landkreis;43,0;12,8;11,1;11,2;4,6;12,6;78,9
99910;Regionalatlas Deutschland;JAHR;Jahr;2017;KREISE;Kreise und kreisfreie Städte;08435;      Bodenseekreis, Landkreis;36,8;14,3;13,4;14,8;6,2;10,3;79,9
99910;Regionalatlas Deutschland;JAHR;Jahr;2017;KREISE;Kreise und kreisfreie Städte;08436;      Ravensburg, Landkreis;39,4;13,3;11,3;14,7;6,0;10,4;78,2
99910;Regionalatlas Deutschland;JAHR;Jahr;2017;KREISE;Kreise und kreisfreie Städte;08437;      Sigmaringen, Landkreis;40,5;13,0;12,0;12,3;5,0;12,9;76,5
99910;Regionalatlas Deutschland;JAHR;Jahr;2017;KREISE;Kreise und kreisfreie Städte;09;  Bayern;38,8;15,3;10,2;9,8;6,1;12,4;78,1
99910;Regionalatlas Deutschland;JAHR;Jahr;2017;KREISE;Kreise und kreisfreie Städte;091;    Oberbayern, Regierungsbezirk;37,6;13,5;12,2;12,2;6,1;11,2;79,6
99910;Regionalatlas Deutschland;JAHR;Jahr;2017;KREISE;Kreise und kreisfreie Städte;09161;      Ingolstadt;36,8;14,3;10,9;8,7;6,9;15,3;71,4
99910;Regionalatlas Deutschland;JAHR;Jahr;2017;KREISE;Kreise und kreisfreie Städte;09162;      München, Landeshauptstadt;30,0;16,2;14,2;17,2;8,3;8,4;78,5
99910;Regionalatlas Deutschland;JAHR;Jahr;2017;KREISE;Kreise und kreisfreie Städte;09163;      Rosenheim;35,5;13,6;11,0;11,4;6,3;14,7;74,2
99910;Regionalatlas Deutschland;JAHR;Jahr;2017;KREISE;Kreise und kreisfreie Städte;09171;      Altötting, Landkreis;44,5;13,4;8,4;6,8;5,9;13,6;74,9
99910;Regionalatlas Deutschland;JAHR;Jahr;2017;KREISE;Kreise und kreisfreie Städte;09172;      Berchtesgadener Land, Landkreis;45,1;11,5;9,1;8,3;5,2;13,1;75,8
99910;Regionalatlas Deutschland;JAHR;Jahr;2017;KREISE;Kreise und kreisfreie Städte;09173;      Bad Tölz-Wolfratshausen, Landkreis;41,2;11,0;11,7;10,5;5,4;11,9;79,9
99910;Regionalatlas Deutschland;JAHR;Jahr;2017;KREISE;Kreise und kreisfreie Städte;09174;      Dachau, Landkreis;42,0;13,1;10,6;9,6;4,7;12,3;81,5
99910;Regionalatlas Deutschland;JAHR;Jahr;2017;KREISE;Kreise und kreisfreie Städte;09175;      Ebersberg, Landkreis;38,4;12,8;13,2;12,4;5,3;10,3;84,1
99910;Regionalatlas Deutschland;JAHR;Jahr;2017;KREISE;Kreise und kreisfreie Städte;09176;      Eichstätt, Landkreis;44,4;13,2;8,4;6,6;4,5;14,7;82,2
99910;Regionalatlas Deutschland;JAHR;Jahr;2017;KREISE;Kreise und kreisfreie Städte;09177;      Erding, Landkreis;39,8;11,7;10,7;9,3;5,0;13,5;80,8
99910;Regionalatlas Deutschland;JAHR;Jahr;2017;KREISE;Kreise und kreisfreie Städte;09178;      Freising, Landkreis;36,8;12,3;11,0;12,1;5,8;12,3;80,6
99910;Regionalatlas Deutschland;JAHR;Jahr;2017;KREISE;Kreise und kreisfreie Städte;09179;      Fürstenfeldbruck, Landkreis;37,8;14,6;12,4;12,1;5,4;10,9;82,4
99910;Regionalatlas Deutschland;JAHR;Jahr;2017;KREISE;Kreise und kreisfreie Städte;09180;      Garmisch-Partenkirchen, Landkreis;45,7;9,3;11,3;8,8;4,7;12,6;79,7
99910;Regionalatlas Deutschland;JAHR;Jahr;2017;KREISE;Kreise und kreisfreie Städte;09181;      Landsberg am Lech, Landkreis;39,8;12,2;11,4;12,4;5,7;10,9;81,8
99910;Regionalatlas Deutschland;JAHR;Jahr;2017;KREISE;Kreise und kreisfreie Städte;09182;      Miesbach, Landkreis;42,0;10,9;13,3;10,1;4,3;11,4;80,4
99910;Regionalatlas Deutschland;JAHR;Jahr;2017;KREISE;Kreise und kreisfreie Städte;09183;      Mühldorf a.Inn, Landkreis;43,6;11,3;9,4;6,9;4,7;15,5;75,9
99910;Regionalatlas Deutschland;JAHR;Jahr;2017;KREISE;Kreise und kreisfreie Städte;09184;      München, Landkreis;37,3;14,0;15,3;12,6;5,1;9,4;83,9
99910;Regionalatlas Deutschland;JAHR;Jahr;2017;KREISE;Kreise und kreisfreie Städte;09185;      Neuburg-Schrobenhausen, Landkreis;44,9;12,1;9,0;6,2;4,4;15,1;77,8
99910;Regionalatlas Deutschland;JAHR;Jahr;2017;KREISE;Kreise und kreisfreie Städte;09186;      Pfaffenhofen a.d.Ilm, Landkreis;42,1;12,7;9,8;7,3;4,5;15,2;77,6
99910;Regionalatlas Deutschland;JAHR;Jahr;2017;KREISE;Kreise und kreisfreie Städte;09187;      Rosenheim, Landkreis;41,5;10,9;10,9;9,7;4,9;13,7;80,4
99910;Regionalatlas Deutschland;JAHR;Jahr;2017;KREISE;Kreise und kreisfreie Städte;09188;      Starnberg, Landkreis;37,4;12,0;17,1;14,1;5,2;8,8;84,4
99910;Regionalatlas Deutschland;JAHR;Jahr;2017;KREISE;Kreise und kreisfreie Städte;09189;      Traunstein, Landkreis;44,4;12,1;9,2;9,7;5,4;11,4;77,7
99910;Regionalatlas Deutschland;JAHR;Jahr;2017;KREISE;Kreise und kreisfreie Städte;09190;      Weilheim-Schongau, Landkreis;41,1;13,0;9,9;10,0;5,8;11,7;80,8
99910;Regionalatlas Deutschland;JAHR;Jahr;2017;KREISE;Kreise und kreisfreie Städte;092;    Niederbayern, Regierungsbezirk;40,9;13,7;8,9;5,8;4,9;16,7;74,5
99910;Regionalatlas Deutschland;JAHR;Jahr;2017;KREISE;Kreise und kreisfreie Städte;09261;      Landshut;35,1;13,7;12,8;10,7;6,4;13,0;75,1
99910;Regionalatlas Deutschland;JAHR;Jahr;2017;KREISE;Kreise und kreisfreie Städte;09262;      Passau;36,3;15,6;11,0;10,9;7,8;12,7;73,7
99910;Regionalatlas Deutschland;JAHR;Jahr;2017;KREISE;Kreise und kreisfreie Städte;09263;      Straubing;38,7;14,6;9,5;6,4;6,1;17,2;67,9
99910;Regionalatlas Deutschland;JAHR;Jahr;2017;KREISE;Kreise und kreisfreie Städte;09271;      Deggendorf, Landkreis;40,8;13,4;7,9;5,0;5,2;18,4;71,3
99910;Regionalatlas Deutschland;JAHR;Jahr;2017;KREISE;Kreise und kreisfreie Städte;09272;      Freyung-Grafenau, Landkreis;40,5;15,1;7,1;4,1;4,7;20,1;72,3
99910;Regionalatlas Deutschland;JAHR;Jahr;2017;KREISE;Kreise und kreisfreie Städte;09273;      Kelheim, Landkreis;41,9;14,5;8,3;6,2;4,5;14,9;76,1
99910;Regionalatlas Deutschland;JAHR;Jahr;2017;KREISE;Kreise und kreisfreie Städte;09274;      Landshut, Landkreis;39,4;11,7;10,3;6,5;4,4;15,1;79,1
99910;Regionalatlas Deutschland;JAHR;Jahr;2017;KREISE;Kreise und kreisfreie Städte;09275;      Passau, Landkreis;41,5;15,0;8,5;5,2;5,0;17,2;73,9
99910;Regionalatlas Deutschland;JAHR;Jahr;2017;KREISE;Kreise und kreisfreie Städte;09276;      Regen, Landkreis;40,5;15,4;6,9;3,9;4,5;20,7;73,0
99910;Regionalatlas Deutschland;JAHR;Jahr;2017;KREISE;Kreise und kreisfreie Städte;09277;      Rottal-Inn, Landkreis;44,0;12,5;9,2;5,5;4,5;15,3;73,9
99910;Regionalatlas Deutschland;JAHR;Jahr;2017;KREISE;Kreise und kreisfreie Städte;09278;      Straubing-Bogen, Landkreis;44,1;12,0;8,3;4,3;3,6;17,1;78,4
99910;Regionalatlas Deutschland;JAHR;Jahr;2017;KREISE;Kreise und kreisfreie Städte;09279;      Dingolfing-Landau, Landkreis;41,0;13,3;9,0;4,8;4,5;18,3;73,0
99910;Regionalatlas Deutschland;JAHR;Jahr;2017;KREISE;Kreise und kreisfreie Städte;093;    Oberpfalz, Regierungsbezirk;41,0;16,1;7,6;7,0;5,4;14,1;77,5
99910;Regionalatlas Deutschland;JAHR;Jahr;2017;KREISE;Kreise und kreisfreie Städte;09361;      Amberg;36,0;17,6;8,7;7,9;7,6;14,9;70,7
99910;Regionalatlas Deutschland;JAHR;Jahr;2017;KREISE;Kreise und kreisfreie Städte;09362;      Regensburg;33,2;14,9;10,1;14,6;9,4;10,8;76,4
99910;Regionalatlas Deutschland;JAHR;Jahr;2017;KREISE;Kreise und kreisfreie Städte;09363;      Weiden i.d.OPf.;37,3;20,2;8,2;6,5;6,7;14,6;70,5
99910;Regionalatlas Deutschland;JAHR;Jahr;2017;KREISE;Kreise und kreisfreie Städte;09371;      Amberg-Sulzbach, Landkreis;41,0;18,2;7,1;6,1;5,2;13,0;79,1
99910;Regionalatlas Deutschland;JAHR;Jahr;2017;KREISE;Kreise und kreisfreie Städte;09372;      Cham, Landkreis;42,7;13,4;7,0;4,3;4,1;18,0;74,0
99910;Regionalatlas Deutschland;JAHR;Jahr;2017;KREISE;Kreise und kreisfreie Städte;09373;      Neumarkt i.d.OPf., Landkreis;45,8;12,8;7,8;7,7;4,7;12,0;80,6
99910;Regionalatlas Deutschland;JAHR;Jahr;2017;KREISE;Kreise und kreisfreie Städte;09374;      Neustadt a.d.Waldnaab, Landkreis;42,6;19,6;6,1;4,6;4,5;13,9;79,3
99910;Regionalatlas Deutschland;JAHR;Jahr;2017;KREISE;Kreise und kreisfreie Städte;09375;      Regensburg, Landkreis;41,0;14,2;8,2;7,4;4,8;14,4;80,2
99910;Regionalatlas Deutschland;JAHR;Jahr;2017;KREISE;Kreise und kreisfreie Städte;09376;      Schwandorf, Landkreis;40,4;18,6;6,2;4,7;5,0;16,8;76,1
99910;Regionalatlas Deutschland;JAHR;Jahr;2017;KREISE;Kreise und kreisfreie Städte;09377;      Tirschenreuth, Landkreis;46,5;17,7;6,3;4,7;4,3;12,3;79,0
99910;Regionalatlas Deutschland;JAHR;Jahr;2017;KREISE;Kreise und kreisfreie Städte;094;    Oberfranken, Regierungsbezirk;40,5;19,1;8,5;7,3;5,6;12,4;77,9
99910;Regionalatlas Deutschland;JAHR;Jahr;2017;KREISE;Kreise und kreisfreie Städte;09461;      Bamberg;31,2;16,5;10,7;14,5;9,0;11,4;76,0
99910;Regionalatlas Deutschland;JAHR;Jahr;2017;KREISE;Kreise und kreisfreie Städte;09462;      Bayreuth;36,0;18,5;11,8;11,1;7,3;9,6;73,2
99910;Regionalatlas Deutschland;JAHR;Jahr;2017;KREISE;Kreise und kreisfreie Städte;09463;      Coburg;33,2;21,2;10,5;10,6;8,1;10,7;74,0
99910;Regionalatlas Deutschland;JAHR;Jahr;2017;KREISE;Kreise und kreisfreie Städte;09464;      Hof;36,4;20,0;9,3;7,0;7,1;13,9;70,7
99910;Regionalatlas Deutschland;JAHR;Jahr;2017;KREISE;Kreise und kreisfreie Städte;09471;      Bamberg, Landkreis;42,7;15,1;8,6;6,2;4,9;15,5;81,3
99910;Regionalatlas Deutschland;JAHR;Jahr;2017;KREISE;Kreise und kreisfreie Städte;09472;      Bayreuth, Landkreis;45,0;19,1;7,6;6,0;4,6;10,9;79,8
99910;Regionalatlas Deutschland;JAHR;Jahr;2017;KREISE;Kreise und kreisfreie Städte;09473;      Coburg, Landkreis;39,1;22,2;8,4;6,9;5,4;12,0;78,6
99910;Regionalatlas Deutschland;JAHR;Jahr;2017;KREISE;Kreise und kreisfreie Städte;09474;      Forchheim, Landkreis;42,4;15,4;8,8;8,8;5,6;11,8;81,7
99910;Regionalatlas Deutschland;JAHR;Jahr;2017;KREISE;Kreise und kreisfreie Städte;09475;      Hof, Landkreis;41,2;21,9;7,6;5,1;5,1;12,4;78,4
99910;Regionalatlas Deutschland;JAHR;Jahr;2017;KREISE;Kreise und kreisfreie Städte;09476;      Kronach, Landkreis;43,7;23,4;6,7;4,4;4,6;11,8;77,2
99910;Regionalatlas Deutschland;JAHR;Jahr;2017;KREISE;Kreise und kreisfreie Städte;09477;      Kulmbach, Landkreis;42,3;20,3;7,6;6,3;5,0;11,4;77,8
99910;Regionalatlas Deutschland;JAHR;Jahr;2017;KREISE;Kreise und kreisfreie Städte;09478;      Lichtenfels, Landkreis;45,1;17,6;7,1;5,5;4,5;13,2;76,7
99910;Regionalatlas Deutschland;JAHR;Jahr;2017;KREISE;Kreise und kreisfreie Städte;09479;      Wunsiedel i.Fichtelgebirge, Landkreis;36,8;23,8;7,3;5,3;5,8;13,8;75,2
99910;Regionalatlas Deutschland;JAHR;Jahr;2017;KREISE;Kreise und kreisfreie Städte;095;    Mittelfranken, Regierungsbezirk;35,1;18,4;9,0;11,0;8,0;11,4;77,8
99910;Regionalatlas Deutschland;JAHR;Jahr;2017;KREISE;Kreise und kreisfreie Städte;09561;      Ansbach;32,4;18,6;7,9;10,2;10,1;13,2;71,5
99910;Regionalatlas Deutschland;JAHR;Jahr;2017;KREISE;Kreise und kreisfreie Städte;09562;      Erlangen;31,7;17,8;10,6;16,2;9,3;8,0;80,4
99910;Regionalatlas Deutschland;JAHR;Jahr;2017;KREISE;Kreise und kreisfreie Städte;09563;      Fürth;28,7;20,9;9,1;11,9;10,8;11,9;73,7
99910;Regionalatlas Deutschland;JAHR;Jahr;2017;KREISE;Kreise und kreisfreie Städte;09564;      Nürnberg;28,9;19,5;9,6;12,4;10,6;12,0;74,2
99910;Regionalatlas Deutschland;JAHR;Jahr;2017;KREISE;Kreise und kreisfreie Städte;09565;      Schwabach;33,7;19,3;9,9;11,2;7,2;11,9;76,7
99910;Regionalatlas Deutschland;JAHR;Jahr;2017;KREISE;Kreise und kreisfreie Städte;09571;      Ansbach, Landkreis;40,9;16,4;7,7;8,5;6,5;11,7;77,8
99910;Regionalatlas Deutschland;JAHR;Jahr;2017;KREISE;Kreise und kreisfreie Städte;09572;      Erlangen-Höchstadt, Landkreis;38,4;17,1;9,8;11,5;6,2;10,5;83,0
99910;Regionalatlas Deutschland;JAHR;Jahr;2017;KREISE;Kreise und kreisfreie Städte;09573;      Fürth, Landkreis;35,9;18,8;9,3;10,4;6,8;12,1;81,5
99910;Regionalatlas Deutschland;JAHR;Jahr;2017;KREISE;Kreise und kreisfreie Städte;09574;      Nürnberger Land, Landkreis;35,7;19,3;9,0;10,3;6,8;11,4;82,2
99910;Regionalatlas Deutschland;JAHR;Jahr;2017;KREISE;Kreise und kreisfreie Städte;09575;      Neustadt a.d.Aisch-Bad Windsheim, Landkreis;41,2;16,6;8,1;8,9;6,0;10,9;78,1
99910;Regionalatlas Deutschland;JAHR;Jahr;2017;KREISE;Kreise und kreisfreie Städte;09576;      Roth, Landkreis;40,6;17,3;8,2;9,1;5,6;11,7;81,0
99910;Regionalatlas Deutschland;JAHR;Jahr;2017;KREISE;Kreise und kreisfreie Städte;09577;      Weißenburg-Gunzenhausen, Landkreis;42,5;17,8;6,9;8,8;5,4;11,3;75,3
99910;Regionalatlas Deutschland;JAHR;Jahr;2017;KREISE;Kreise und kreisfreie Städte;096;    Unterfranken, Regierungsbezirk;40,6;17,3;9,6;9,0;6,3;10,9;79,6
99910;Regionalatlas Deutschland;JAHR;Jahr;2017;KREISE;Kreise und kreisfreie Städte;09661;      Aschaffenburg;33,3;17,7;11,7;11,3;8,1;12,0;73,5
99910;Regionalatlas Deutschland;JAHR;Jahr;2017;KREISE;Kreise und kreisfreie Städte;09662;      Schweinfurt;31,7;20,0;9,0;7,1;10,8;15,6;69,3
99910;Regionalatlas Deutschland;JAHR;Jahr;2017;KREISE;Kreise und kreisfreie Städte;09663;      Würzburg;31,7;16,8;11,4;16,6;9,3;8,0;77,3
99910;Regionalatlas Deutschland;JAHR;Jahr;2017;KREISE;Kreise und kreisfreie Städte;09671;      Aschaffenburg, Landkreis;40,0;17,5;10,6;8,7;5,4;11,5;81,1
99910;Regionalatlas Deutschland;JAHR;Jahr;2017;KREISE;Kreise und kreisfreie Städte;09672;      Bad Kissingen, Landkreis;45,2;15,2;9,2;7,0;5,8;11,4;78,7
99910;Regionalatlas Deutschland;JAHR;Jahr;2017;KREISE;Kreise und kreisfreie Städte;09673;      Rhön-Grabfeld, Landkreis;46,7;14,2;9,3;7,0;6,1;10,4;78,3
99910;Regionalatlas Deutschland;JAHR;Jahr;2017;KREISE;Kreise und kreisfreie Städte;09674;      Haßberge, Landkreis;42,0;18,0;8,1;6,0;5,9;12,9;80,8
99910;Regionalatlas Deutschland;JAHR;Jahr;2017;KREISE;Kreise und kreisfreie Städte;09675;      Kitzingen, Landkreis;41,4;16,7;9,3;8,4;5,4;10,9;79,1
99910;Regionalatlas Deutschland;JAHR;Jahr;2017;KREISE;Kreise und kreisfreie Städte;09676;      Miltenberg, Landkreis;40,7;17,8;9,7;7,8;5,8;11,3;79,3
99910;Regionalatlas Deutschland;JAHR;Jahr;2017;KREISE;Kreise und kreisfreie Städte;09677;      Main-Spessart, Landkreis;42,9;19,2;8,0;7,5;5,2;10,4;80,9
99910;Regionalatlas Deutschland;JAHR;Jahr;2017;KREISE;Kreise und kreisfreie Städte;09678;      Schweinfurt, Landkreis;44,2;15,9;8,6;7,1;6,3;12,0;81,7
99910;Regionalatlas Deutschland;JAHR;Jahr;2017;KREISE;Kreise und kreisfreie Städte;09679;      Würzburg, Landkreis;41,1;18,3;9,6;10,5;5,6;9,1;83,8
99910;Regionalatlas Deutschland;JAHR;Jahr;2017;KREISE;Kreise und kreisfreie Städte;097;    Schwaben, Regierungsbezirk;40,2;13,3;10,2;9,3;5,7;13,5;77,0
99910;Regionalatlas Deutschland;JAHR;Jahr;2017;KREISE;Kreise und kreisfreie Städte;09761;      Augsburg;31,2;16,1;9,9;12,8;9,3;13,6;72,4
99910;Regionalatlas Deutschland;JAHR;Jahr;2017;KREISE;Kreise und kreisfreie Städte;09762;      Kaufbeuren;36,3;13,8;11,2;9,8;8,2;14,0;71,8
99910;Regionalatlas Deutschland;JAHR;Jahr;2017;KREISE;Kreise und kreisfreie Städte;09763;      Kempten (Allgäu);34,0;14,3;11,7;11,3;7,5;13,4;72,1
99910;Regionalatlas Deutschland;JAHR;Jahr;2017;KREISE;Kreise und kreisfreie Städte;09764;      Memmingen;35,4;16,0;11,0;8,9;6,2;15,3;73,4
99910;Regionalatlas Deutschland;JAHR;Jahr;2017;KREISE;Kreise und kreisfreie Städte;09771;      Aichach-Friedberg, Landkreis;43,2;11,7;10,4;8,3;4,4;14,3;80,8
99910;Regionalatlas Deutschland;JAHR;Jahr;2017;KREISE;Kreise und kreisfreie Städte;09772;      Augsburg, Landkreis;40,6;13,1;10,3;8,8;5,3;13,8;79,1
99910;Regionalatlas Deutschland;JAHR;Jahr;2017;KREISE;Kreise und kreisfreie Städte;09773;      Dillingen a.d.Donau, Landkreis;40,2;13,4;10,0;6,7;4,6;16,6;75,6
99910;Regionalatlas Deutschland;JAHR;Jahr;2017;KREISE;Kreise und kreisfreie Städte;09774;      Günzburg, Landkreis;41,5;12,8;9,7;7,0;4,8;16,0;74,4
99910;Regionalatlas Deutschland;JAHR;Jahr;2017;KREISE;Kreise und kreisfreie Städte;09775;      Neu-Ulm, Landkreis;37,5;15,3;10,9;9,6;5,7;14,2;76,6
99910;Regionalatlas Deutschland;JAHR;Jahr;2017;KREISE;Kreise und kreisfreie Städte;09776;      Lindau (Bodensee), Landkreis;40,7;13,3;10,4;12,9;7,0;9,0;78,2
99910;Regionalatlas Deutschland;JAHR;Jahr;2017;KREISE;Kreise und kreisfreie Städte;09777;      Ostallgäu, Landkreis;45,1;11,4;10,1;8,7;5,1;11,5;79,7
99910;Regionalatlas Deutschland;JAHR;Jahr;2017;KREISE;Kreise und kreisfreie Städte;09778;      Unterallgäu, Landkreis;43,0;10,7;10,4;7,3;4,4;15,3;78,0
99910;Regionalatlas Deutschland;JAHR;Jahr;2017;KREISE;Kreise und kreisfreie Städte;09779;      Donau-Ries, Landkreis;44,6;14,9;8,6;7,1;4,7;13,2;78,6
99910;Regionalatlas Deutschland;JAHR;Jahr;2017;KREISE;Kreise und kreisfreie Städte;09780;      Oberallgäu, Landkreis;44,7;11,3;10,7;10,5;4,6;10,3;80,1
99910;Regionalatlas Deutschland;JAHR;Jahr;2017;KREISE;Kreise und kreisfreie Städte;10;  Saarland;32,4;27,1;7,6;6,0;12,9;10,1;76,6
99910;Regionalatlas Deutschland;JAHR;Jahr;2017;KREISE;Kreise und kreisfreie Städte;10041;      Saarbrücken, Regionalverband;29,1;26,8;8,0;7,4;14,4;10,0;74,2
99910;Regionalatlas Deutschland;JAHR;Jahr;2017;KREISE;Kreise und kreisfreie Städte;10041100;      Saarbrücken, Landeshauptstadt;26,5;24,9;8,7;9,9;15,9;9,4;72,9
99910;Regionalatlas Deutschland;JAHR;Jahr;2017;KREISE;Kreise und kreisfreie Städte;10042;      Merzig-Wadern, Landkreis;34,8;26,9;7,9;5,3;12,4;9,3;78,1
99910;Regionalatlas Deutschland;JAHR;Jahr;2017;KREISE;Kreise und kreisfreie Städte;10043;      Neunkirchen, Landkreis;30,4;30,3;6,7;4,7;13,3;10,9;74,9
99910;Regionalatlas Deutschland;JAHR;Jahr;2017;KREISE;Kreise und kreisfreie Städte;10044;      Saarlouis, Landkreis;33,7;26,7;7,5;5,4;12,9;10,1;77,2
99910;Regionalatlas Deutschland;JAHR;Jahr;2017;KREISE;Kreise und kreisfreie Städte;10045;      Saarpfalz-Kreis;32,8;25,8;8,4;6,4;11,6;11,3;78,5
99910;Regionalatlas Deutschland;JAHR;Jahr;2017;KREISE;Kreise und kreisfreie Städte;10046;      St. Wendel, Landkreis;39,7;27,3;6,4;4,7;10,1;8,3;81,5
99910;Regionalatlas Deutschland;JAHR;Jahr;2017;KREISE;Kreise und kreisfreie Städte;11;  Berlin;22,7;17,9;8,9;12,6;18,8;12,0;75,6
99910;Regionalatlas Deutschland;JAHR;Jahr;2017;KREISE;Kreise und kreisfreie Städte;11001001;      Berlin-Mitte;-;-;-;-;-;-;-
99910;Regionalatlas Deutschland;JAHR;Jahr;2017;KREISE;Kreise und kreisfreie Städte;11002002;      Berlin-Friedrichshain-Kreuzberg;-;-;-;-;-;-;-
99910;Regionalatlas Deutschland;JAHR;Jahr;2017;KREISE;Kreise und kreisfreie Städte;11003003;      Berlin-Pankow;-;-;-;-;-;-;-
99910;Regionalatlas Deutschland;JAHR;Jahr;2017;KREISE;Kreise und kreisfreie Städte;11004004;      Berlin-Charlottenburg-Wilmersdorf;-;-;-;-;-;-;-
99910;Regionalatlas Deutschland;JAHR;Jahr;2017;KREISE;Kreise und kreisfreie Städte;11005005;      Berlin-Spandau;-;-;-;-;-;-;-
99910;Regionalatlas Deutschland;JAHR;Jahr;2017;KREISE;Kreise und kreisfreie Städte;11006006;      Berlin-Steglitz-Zehlendorf;-;-;-;-;-;-;-
99910;Regionalatlas Deutschland;JAHR;Jahr;2017;KREISE;Kreise und kreisfreie Städte;11007007;      Berlin-Tempelhof-Schöneberg;-;-;-;-;-;-;-
99910;Regionalatlas Deutschland;JAHR;Jahr;2017;KREISE;Kreise und kreisfreie Städte;11008008;      Berlin-Neukölln;-;-;-;-;-;-;-
99910;Regionalatlas Deutschland;JAHR;Jahr;2017;KREISE;Kreise und kreisfreie Städte;11009009;      Berlin-Treptow-Köpenick;-;-;-;-;-;-;-
99910;Regionalatlas Deutschland;JAHR;Jahr;2017;KREISE;Kreise und kreisfreie Städte;11010010;      Berlin-Marzahn-Hellersdorf;-;-;-;-;-;-;-
99910;Regionalatlas Deutschland;JAHR;Jahr;2017;KREISE;Kreise und kreisfreie Städte;11011011;      Berlin-Lichtenberg;-;-;-;-;-;-;-
99910;Regionalatlas Deutschland;JAHR;Jahr;2017;KREISE;Kreise und kreisfreie Städte;11012012;      Berlin-Reinickendorf;-;-;-;-;-;-;-
99910;Regionalatlas Deutschland;JAHR;Jahr;2017;KREISE;Kreise und kreisfreie Städte;12;  Brandenburg;26,7;17,6;7,1;5,0;17,2;20,2;73,7
99910;Regionalatlas Deutschland;JAHR;Jahr;2017;KREISE;Kreise und kreisfreie Städte;12051;      Brandenburg an der Havel, kreisfreie Stadt;28,0;20,6;6,1;4,6;17,3;17,3;65,7
99910;Regionalatlas Deutschland;JAHR;Jahr;2017;KREISE;Kreise und kreisfreie Städte;12052;      Cottbus, kreisfreie Stadt;22,9;15,4;8,1;3,8;18,5;24,3;72,7
99910;Regionalatlas Deutschland;JAHR;Jahr;2017;KREISE;Kreise und kreisfreie Städte;12053;      Frankfurt (Oder), kreisfreie Stadt;23,2;15,8;6,1;4,8;21,6;21,9;69,2
99910;Regionalatlas Deutschland;JAHR;Jahr;2017;KREISE;Kreise und kreisfreie Städte;12054;      Potsdam, kreisfreie Stadt;21,6;18,3;8,2;10,9;21,2;12,8;78,8
99910;Regionalatlas Deutschland;JAHR;Jahr;2017;KREISE;Kreise und kreisfreie Städte;12060;      Barnim, Landkreis;25,4;15,3;6,2;5,0;20,6;20,6;74,3
99910;Regionalatlas Deutschland;JAHR;Jahr;2017;KREISE;Kreise und kreisfreie Städte;12061;      Dahme-Spreewald, Landkreis;26,7;17,3;7,1;4,7;16,2;21,4;76,3
99910;Regionalatlas Deutschland;JAHR;Jahr;2017;KREISE;Kreise und kreisfreie Städte;12062;      Elbe-Elster, Landkreis;29,6;15,5;6,5;2,5;14,8;24,2;74,5
99910;Regionalatlas Deutschland;JAHR;Jahr;2017;KREISE;Kreise und kreisfreie Städte;12063;      Havelland, Landkreis;28,8;19,3;7,4;6,2;14,7;18,0;73,8
99910;Regionalatlas Deutschland;JAHR;Jahr;2017;KREISE;Kreise und kreisfreie Städte;12064;      Märkisch-Oderland, Landkreis;25,3;15,8;6,6;4,5;20,2;20,8;73,9
99910;Regionalatlas Deutschland;JAHR;Jahr;2017;KREISE;Kreise und kreisfreie Städte;12065;      Oberhavel, Landkreis;28,0;18,6;7,3;5,6;14,9;19,3;74,9
99910;Regionalatlas Deutschland;JAHR;Jahr;2017;KREISE;Kreise und kreisfreie Städte;12066;      Oberspreewald-Lausitz, Landkreis;25,8;16,0;6,9;2,7;16,3;25,9;71,9
99910;Regionalatlas Deutschland;JAHR;Jahr;2017;KREISE;Kreise und kreisfreie Städte;12067;      Oder-Spree, Landkreis;24,9;16,6;6,9;4,1;18,2;22,1;72,7
99910;Regionalatlas Deutschland;JAHR;Jahr;2017;KREISE;Kreise und kreisfreie Städte;12068;      Ostprignitz-Ruppin, Landkreis;29,8;20,4;5,3;4,0;16,8;18,5;68,1
99910;Regionalatlas Deutschland;JAHR;Jahr;2017;KREISE;Kreise und kreisfreie Städte;12069;      Potsdam-Mittelmark, Landkreis;29,0;19,3;9,2;7,3;14,4;15,4;77,8
99910;Regionalatlas Deutschland;JAHR;Jahr;2017;KREISE;Kreise und kreisfreie Städte;12070;      Prignitz, Landkreis;30,4;21,8;5,8;3,0;16,4;18,3;69,5
99910;Regionalatlas Deutschland;JAHR;Jahr;2017;KREISE;Kreise und kreisfreie Städte;12071;      Spree-Neiße, Landkreis;25,1;15,0;7,3;2,6;14,9;28,9;75,0
99910;Regionalatlas Deutschland;JAHR;Jahr;2017;KREISE;Kreise und kreisfreie Städte;12072;      Teltow-Fläming, Landkreis;27,1;18,5;7,7;4,7;15,7;20,0;73,5
99910;Regionalatlas Deutschland;JAHR;Jahr;2017;KREISE;Kreise und kreisfreie Städte;12073;      Uckermark, Landkreis;30,1;17,8;5,1;3,3;17,8;20,8;69,4
99910;Regionalatlas Deutschland;JAHR;Jahr;2017;KREISE;Kreise und kreisfreie Städte;13;  Mecklenburg-Vorpommern;33,1;15,1;6,2;4,3;17,8;18,6;70,9
99910;Regionalatlas Deutschland;JAHR;Jahr;2017;KREISE;Kreise und kreisfreie Städte;13001;      Kreisfreie Stadt Greifswald, Hansestadt;-;-;-;-;-;-;-
99910;Regionalatlas Deutschland;JAHR;Jahr;2017;KREISE;Kreise und kreisfreie Städte;13002;      Kreisfreie Stadt Neubrandenburg, Stadt;-;-;-;-;-;-;-
99910;Regionalatlas Deutschland;JAHR;Jahr;2017;KREISE;Kreise und kreisfreie Städte;13003;      Kreisfreie Stadt Rostock, Hansestadt;28,4;16,4;6,4;7,0;22,1;14,7;72,2
99910;Regionalatlas Deutschland;JAHR;Jahr;2017;KREISE;Kreise und kreisfreie Städte;13004;      Kreisfreie Stadt Schwerin, Landeshauptstadt;30,1;18,6;6,6;5,3;19,1;15,6;72,5
99910;Regionalatlas Deutschland;JAHR;Jahr;2017;KREISE;Kreise und kreisfreie Städte;13005;      Kreisfreie Stadt Stralsund, Hansestadt;-;-;-;-;-;-;-
99910;Regionalatlas Deutschland;JAHR;Jahr;2017;KREISE;Kreise und kreisfreie Städte;13006;      Kreisfreie Stadt Wismar, Hansestadt;-;-;-;-;-;-;-
99910;Regionalatlas Deutschland;JAHR;Jahr;2017;KREISE;Kreise und kreisfreie Städte;13051;      Landkreis Bad Doberan;-;-;-;-;-;-;-
99910;Regionalatlas Deutschland;JAHR;Jahr;2017;KREISE;Kreise und kreisfreie Städte;13052;      Landkreis Demmin;-;-;-;-;-;-;-
99910;Regionalatlas Deutschland;JAHR;Jahr;2017;KREISE;Kreise und kreisfreie Städte;13053;      Landkreis Güstrow;-;-;-;-;-;-;-
99910;Regionalatlas Deutschland;JAHR;Jahr;2017;KREISE;Kreise und kreisfreie Städte;13054;      Landkreis Ludwigslust;-;-;-;-;-;-;-
99910;Regionalatlas Deutschland;JAHR;Jahr;2017;KREISE;Kreise und kreisfreie Städte;13055;      Landkreis Mecklenburg-Strelitz;-;-;-;-;-;-;-
99910;Regionalatlas Deutschland;JAHR;Jahr;2017;KREISE;Kreise und kreisfreie Städte;13056;      Landkreis Müritz;-;-;-;-;-;-;-
99910;Regionalatlas Deutschland;JAHR;Jahr;2017;KREISE;Kreise und kreisfreie Städte;13057;      Landkreis Nordvorpommern;-;-;-;-;-;-;-
99910;Regionalatlas Deutschland;JAHR;Jahr;2017;KREISE;Kreise und kreisfreie Städte;13058;      Landkreis Nordwestmecklenburg;-;-;-;-;-;-;-
99910;Regionalatlas Deutschland;JAHR;Jahr;2017;KREISE;Kreise und kreisfreie Städte;13059;      Landkreis Ostvorpommern;-;-;-;-;-;-;-
99910;Regionalatlas Deutschland;JAHR;Jahr;2017;KREISE;Kreise und kreisfreie Städte;13060;      Landkreis Parchim;-;-;-;-;-;-;-
99910;Regionalatlas Deutschland;JAHR;Jahr;2017;KREISE;Kreise und kreisfreie Städte;13061;      Landkreis Rügen;-;-;-;-;-;-;-
99910;Regionalatlas Deutschland;JAHR;Jahr;2017;KREISE;Kreise und kreisfreie Städte;13062;      Landkreis Uecker-Randow;-;-;-;-;-;-;-
99910;Regionalatlas Deutschland;JAHR;Jahr;2017;KREISE;Kreise und kreisfreie Städte;13071;      Landkreis Mecklenburgische Seenplatte;34,5;13,7;5,6;3,2;18,9;19,6;69,2
99910;Regionalatlas Deutschland;JAHR;Jahr;2017;KREISE;Kreise und kreisfreie Städte;13072;      Landkreis Rostock;36,0;14,8;6,5;3,9;16,1;18,2;72,8
99910;Regionalatlas Deutschland;JAHR;Jahr;2017;KREISE;Kreise und kreisfreie Städte;13073;      Landkreis Vorpommern-Rügen;33,9;12,2;6,5;4,0;18,0;20,5;69,5
99910;Regionalatlas Deutschland;JAHR;Jahr;2017;KREISE;Kreise und kreisfreie Städte;13074;      Landkreis Nordwestmecklenburg;32,7;18,9;6,2;4,5;16,3;17,0;70,4
99910;Regionalatlas Deutschland;JAHR;Jahr;2017;KREISE;Kreise und kreisfreie Städte;13075;      Landkreis Vorpommern-Greifswald;32,6;11,8;6,3;4,1;16,3;22,7;69,8
99910;Regionalatlas Deutschland;JAHR;Jahr;2017;KREISE;Kreise und kreisfreie Städte;13076;      Landkreis Ludwigslust-Parchim;34,5;17,9;6,1;3,1;16,1;17,7;71,8
99910;Regionalatlas Deutschland;JAHR;Jahr;2017;KREISE;Kreise und kreisfreie Städte;14;  Sachsen;26,9;10,5;8,2;4,6;16,1;27,0;75,4
99910;Regionalatlas Deutschland;JAHR;Jahr;2017;KREISE;Kreise und kreisfreie Städte;141;    Chemnitz, Regierungsbezirk;-;-;-;-;-;-;-
99910;Regionalatlas Deutschland;JAHR;Jahr;2017;KREISE;Kreise und kreisfreie Städte;14161;      Chemnitz, kreisfreie Stadt;-;-;-;-;-;-;-
99910;Regionalatlas Deutschland;JAHR;Jahr;2017;KREISE;Kreise und kreisfreie Städte;14166;      Plauen, kreisfreie Stadt;-;-;-;-;-;-;-
99910;Regionalatlas Deutschland;JAHR;Jahr;2017;KREISE;Kreise und kreisfreie Städte;14167;      Zwickau, kreisfreie Stadt;-;-;-;-;-;-;-
99910;Regionalatlas Deutschland;JAHR;Jahr;2017;KREISE;Kreise und kreisfreie Städte;14171;      Annaberg, Landkreis;-;-;-;-;-;-;-
99910;Regionalatlas Deutschland;JAHR;Jahr;2017;KREISE;Kreise und kreisfreie Städte;14173;      Chemnitzer Land, Landkreis;-;-;-;-;-;-;-
99910;Regionalatlas Deutschland;JAHR;Jahr;2017;KREISE;Kreise und kreisfreie Städte;14177;      Freiberg, Landkreis;-;-;-;-;-;-;-
99910;Regionalatlas Deutschland;JAHR;Jahr;2017;KREISE;Kreise und kreisfreie Städte;14178;      Vogtlandkreis;-;-;-;-;-;-;-
99910;Regionalatlas Deutschland;JAHR;Jahr;2017;KREISE;Kreise und kreisfreie Städte;14181;      Mittlerer Erzgebirgskreis;-;-;-;-;-;-;-
99910;Regionalatlas Deutschland;JAHR;Jahr;2017;KREISE;Kreise und kreisfreie Städte;14182;      Mittweida, Landkreis;-;-;-;-;-;-;-
99910;Regionalatlas Deutschland;JAHR;Jahr;2017;KREISE;Kreise und kreisfreie Städte;14188;      Stollberg, Landkreis;-;-;-;-;-;-;-
99910;Regionalatlas Deutschland;JAHR;Jahr;2017;KREISE;Kreise und kreisfreie Städte;14191;      Aue-Schwarzenberg, Landkreis;-;-;-;-;-;-;-
99910;Regionalatlas Deutschland;JAHR;Jahr;2017;KREISE;Kreise und kreisfreie Städte;14193;      Zwickauer Land, Landkreis;-;-;-;-;-;-;-
99910;Regionalatlas Deutschland;JAHR;Jahr;2017;KREISE;Kreise und kreisfreie Städte;142;    Dresden, Regierungsbezirk;-;-;-;-;-;-;-
99910;Regionalatlas Deutschland;JAHR;Jahr;2017;KREISE;Kreise und kreisfreie Städte;14262;      Dresden, kreisfreie Stadt;-;-;-;-;-;-;-
99910;Regionalatlas Deutschland;JAHR;Jahr;2017;KREISE;Kreise und kreisfreie Städte;14263;      Görlitz, kreisfreie Stadt;-;-;-;-;-;-;-
99910;Regionalatlas Deutschland;JAHR;Jahr;2017;KREISE;Kreise und kreisfreie Städte;14264;      Hoyerswerda, kreisfreie Stadt;-;-;-;-;-;-;-
99910;Regionalatlas Deutschland;JAHR;Jahr;2017;KREISE;Kreise und kreisfreie Städte;14272;      Bautzen, Landkreis;-;-;-;-;-;-;-
99910;Regionalatlas Deutschland;JAHR;Jahr;2017;KREISE;Kreise und kreisfreie Städte;14280;      Meißen, Landkreis;-;-;-;-;-;-;-
99910;Regionalatlas Deutschland;JAHR;Jahr;2017;KREISE;Kreise und kreisfreie Städte;14284;      Niederschlesischer Oberlausitzkreis;-;-;-;-;-;-;-
99910;Regionalatlas Deutschland;JAHR;Jahr;2017;KREISE;Kreise und kreisfreie Städte;14285;      Riesa-Großenhain, Landkreis;-;-;-;-;-;-;-
99910;Regionalatlas Deutschland;JAHR;Jahr;2017;KREISE;Kreise und kreisfreie Städte;14286;      Löbau-Zittau, Landkreis;-;-;-;-;-;-;-
99910;Regionalatlas Deutschland;JAHR;Jahr;2017;KREISE;Kreise und kreisfreie Städte;14287;      Sächsische Schweiz, Landkreis;-;-;-;-;-;-;-
99910;Regionalatlas Deutschland;JAHR;Jahr;2017;KREISE;Kreise und kreisfreie Städte;14290;      Weißeritzkreis;-;-;-;-;-;-;-
99910;Regionalatlas Deutschland;JAHR;Jahr;2017;KREISE;Kreise und kreisfreie Städte;14292;      Kamenz, Landkreis;-;-;-;-;-;-;-
99910;Regionalatlas Deutschland;JAHR;Jahr;2017;KREISE;Kreise und kreisfreie Städte;143;    Leipzig, Regierungsbezirk;-;-;-;-;-;-;-
99910;Regionalatlas Deutschland;JAHR;Jahr;2017;KREISE;Kreise und kreisfreie Städte;14365;      Leipzig, kreisfreie Stadt;-;-;-;-;-;-;-
99910;Regionalatlas Deutschland;JAHR;Jahr;2017;KREISE;Kreise und kreisfreie Städte;14374;      Delitzsch, Landkreis;-;-;-;-;-;-;-
99910;Regionalatlas Deutschland;JAHR;Jahr;2017;KREISE;Kreise und kreisfreie Städte;14375;      Döbeln, Landkreis;-;-;-;-;-;-;-
99910;Regionalatlas Deutschland;JAHR;Jahr;2017;KREISE;Kreise und kreisfreie Städte;14379;      Leipziger Land, Landkreis;-;-;-;-;-;-;-
99910;Regionalatlas Deutschland;JAHR;Jahr;2017;KREISE;Kreise und kreisfreie Städte;14383;      Muldentalkreis;-;-;-;-;-;-;-
99910;Regionalatlas Deutschland;JAHR;Jahr;2017;KREISE;Kreise und kreisfreie Städte;14389;      Torgau-Oschatz, Landkreis;-;-;-;-;-;-;-
99910;Regionalatlas Deutschland;JAHR;Jahr;2017;KREISE;Kreise und kreisfreie Städte;145;    Chemnitz, Stat. Region;29,1;10,6;7,7;3,1;15,9;27,4;74,6
99910;Regionalatlas Deutschland;JAHR;Jahr;2017;KREISE;Kreise und kreisfreie Städte;14511;      Chemnitz, Stadt;24,9;11,9;8,4;4,7;19,2;24,3;75,1
99910;Regionalatlas Deutschland;JAHR;Jahr;2017;KREISE;Kreise und kreisfreie Städte;14521;      Erzgebirgskreis;31,0;9,6;7,3;2,3;14,3;28,9;75,6
99910;Regionalatlas Deutschland;JAHR;Jahr;2017;KREISE;Kreise und kreisfreie Städte;14522;      Mittelsachsen, Landkreis;28,3;10,0;7,9;2,8;14,6;30,4;75,0
99910;Regionalatlas Deutschland;JAHR;Jahr;2017;KREISE;Kreise und kreisfreie Städte;14523;      Vogtlandkreis;30,2;11,4;7,2;3,0;16,0;26,4;73,9
99910;Regionalatlas Deutschland;JAHR;Jahr;2017;KREISE;Kreise und kreisfreie Städte;14524;      Zwickau, Landkreis;30,3;10,8;7,7;3,0;16,4;26,0;73,2
99910;Regionalatlas Deutschland;JAHR;Jahr;2017;KREISE;Kreise und kreisfreie Städte;146;    Dresden, Stat. Region;25,4;9,3;8,7;5,0;14,9;29,7;76,7
99910;Regionalatlas Deutschland;JAHR;Jahr;2017;KREISE;Kreise und kreisfreie Städte;14612;      Dresden, Stadt;23,5;10,2;9,9;8,7;17,6;22,5;79,1
99910;Regionalatlas Deutschland;JAHR;Jahr;2017;KREISE;Kreise und kreisfreie Städte;14625;      Bautzen, Landkreis;26,9;9,1;8,0;2,6;14,0;32,5;75,7
99910;Regionalatlas Deutschland;JAHR;Jahr;2017;KREISE;Kreise und kreisfreie Städte;14626;      Görlitz, Landkreis;26,7;9,3;7,0;2,9;14,0;32,9;73,3
99910;Regionalatlas Deutschland;JAHR;Jahr;2017;KREISE;Kreise und kreisfreie Städte;14627;      Meißen, Landkreis;26,1;8,7;8,7;3,7;13,3;32,9;76,0
99910;Regionalatlas Deutschland;JAHR;Jahr;2017;KREISE;Kreise und kreisfreie Städte;14628;      Sächsische Schweiz-Osterzgebirge, Landkreis;25,6;7,8;8,3;3,0;12,8;35,5;77,2
99910;Regionalatlas Deutschland;JAHR;Jahr;2017;KREISE;Kreise und kreisfreie Städte;147;    Leipzig, Stat. Region;25,9;12,5;8,3;6,2;18,2;22,2;74,4
99910;Regionalatlas Deutschland;JAHR;Jahr;2017;KREISE;Kreise und kreisfreie Städte;14713;      Leipzig, Stadt;22,7;13,0;8,5;8,8;21,0;18,3;75,1
99910;Regionalatlas Deutschland;JAHR;Jahr;2017;KREISE;Kreise und kreisfreie Städte;14729;      Leipzig, Landkreis;30,1;11,4;8,1;3,2;14,7;26,9;74,8
99910;Regionalatlas Deutschland;JAHR;Jahr;2017;KREISE;Kreise und kreisfreie Städte;14730;      Nordsachsen, Landkreis;29,4;12,5;7,9;2,6;14,7;26,9;72,1
99910;Regionalatlas Deutschland;JAHR;Jahr;2017;KREISE;Kreise und kreisfreie Städte;15;  Sachsen-Anhalt;30,3;15,2;7,8;3,7;17,7;19,6;68,1
99910;Regionalatlas Deutschland;JAHR;Jahr;2017;KREISE;Kreise und kreisfreie Städte;15001;      Dessau-Roßlau, kreisfreie Stadt;29,4;14,3;8,1;4,7;18,1;20,1;69,7
99910;Regionalatlas Deutschland;JAHR;Jahr;2017;KREISE;Kreise und kreisfreie Städte;15002;      Halle (Saale), kreisfreie Stadt;25,7;14,4;8,8;7,6;19,9;17,1;70,7
99910;Regionalatlas Deutschland;JAHR;Jahr;2017;KREISE;Kreise und kreisfreie Städte;15003;      Magdeburg, kreisfreie Stadt;26,6;16,9;8,1;6,0;19,2;15,7;69,4
99910;Regionalatlas Deutschland;JAHR;Jahr;2017;KREISE;Kreise und kreisfreie Städte;15081;      Altmarkkreis Salzwedel;34,0;17,4;6,7;3,5;18,6;15,6;67,7
99910;Regionalatlas Deutschland;JAHR;Jahr;2017;KREISE;Kreise und kreisfreie Städte;15082;      Anhalt-Bitterfeld, Landkreis;30,9;13,6;7,3;2,4;17,5;22,4;67,1
99910;Regionalatlas Deutschland;JAHR;Jahr;2017;KREISE;Kreise und kreisfreie Städte;15083;      Börde, Landkreis;32,5;16,4;7,6;2,8;16,2;18,8;67,9
99910;Regionalatlas Deutschland;JAHR;Jahr;2017;KREISE;Kreise und kreisfreie Städte;15084;      Burgenlandkreis;30,1;13,2;7,8;2,6;16,4;24,3;68,0
99910;Regionalatlas Deutschland;JAHR;Jahr;2017;KREISE;Kreise und kreisfreie Städte;15085;      Harz, Landkreis;34,0;16,3;7,0;3,6;17,5;16,5;66,8
99910;Regionalatlas Deutschland;JAHR;Jahr;2017;KREISE;Kreise und kreisfreie Städte;15086;      Jerichower Land, Landkreis;31,4;16,0;8,0;3,0;17,2;19,0;68,7
99910;Regionalatlas Deutschland;JAHR;Jahr;2017;KREISE;Kreise und kreisfreie Städte;15087;      Mansfeld-Südharz, Landkreis;28,6;15,1;7,3;2,1;18,0;23,9;66,7
99910;Regionalatlas Deutschland;JAHR;Jahr;2017;KREISE;Kreise und kreisfreie Städte;15088;      Saalekreis;29,6;13,1;9,1;2,7;16,1;24,0;70,0
99910;Regionalatlas Deutschland;JAHR;Jahr;2017;KREISE;Kreise und kreisfreie Städte;15089;      Salzlandkreis;31,1;15,7;7,3;2,5;17,9;20,4;64,4
99910;Regionalatlas Deutschland;JAHR;Jahr;2017;KREISE;Kreise und kreisfreie Städte;15090;      Stendal, Landkreis;31,9;16,8;7,5;3,2;18,5;17,7;66,7
99910;Regionalatlas Deutschland;JAHR;Jahr;2017;KREISE;Kreise und kreisfreie Städte;15091;      Wittenberg, Landkreis;33,4;14,2;6,8;2,8;16,8;19,9;69,8
99910;Regionalatlas Deutschland;JAHR;Jahr;2017;KREISE;Kreise und kreisfreie Städte;151;    Dessau, Stat. Region;-;-;-;-;-;-;-
99910;Regionalatlas Deutschland;JAHR;Jahr;2017;KREISE;Kreise und kreisfreie Städte;15101;      Dessau, kreisfreie Stadt;-;-;-;-;-;-;-
99910;Regionalatlas Deutschland;JAHR;Jahr;2017;KREISE;Kreise und kreisfreie Städte;15151;      Anhalt-Zerbst, Kreis;-;-;-;-;-;-;-
99910;Regionalatlas Deutschland;JAHR;Jahr;2017;KREISE;Kreise und kreisfreie Städte;15153;      Bernburg, Kreis;-;-;-;-;-;-;-
99910;Regionalatlas Deutschland;JAHR;Jahr;2017;KREISE;Kreise und kreisfreie Städte;15154;      Bitterfeld, Kreis;-;-;-;-;-;-;-
99910;Regionalatlas Deutschland;JAHR;Jahr;2017;KREISE;Kreise und kreisfreie Städte;15159;      Köthen, Kreis;-;-;-;-;-;-;-
99910;Regionalatlas Deutschland;JAHR;Jahr;2017;KREISE;Kreise und kreisfreie Städte;15171;      Wittenberg, Kreis;-;-;-;-;-;-;-
99910;Regionalatlas Deutschland;JAHR;Jahr;2017;KREISE;Kreise und kreisfreie Städte;152;    Halle, Stat. Region;-;-;-;-;-;-;-
99910;Regionalatlas Deutschland;JAHR;Jahr;2017;KREISE;Kreise und kreisfreie Städte;15202;      Halle (Saale), kreisfreie Stadt;-;-;-;-;-;-;-
99910;Regionalatlas Deutschland;JAHR;Jahr;2017;KREISE;Kreise und kreisfreie Städte;15256;      Burgenlandkreis;-;-;-;-;-;-;-
99910;Regionalatlas Deutschland;JAHR;Jahr;2017;KREISE;Kreise und kreisfreie Städte;15260;      Mansfelder Land, Kreis;-;-;-;-;-;-;-
99910;Regionalatlas Deutschland;JAHR;Jahr;2017;KREISE;Kreise und kreisfreie Städte;15261;      Merseburg-Querfurt, Kreis;-;-;-;-;-;-;-
99910;Regionalatlas Deutschland;JAHR;Jahr;2017;KREISE;Kreise und kreisfreie Städte;15265;      Saalkreis;-;-;-;-;-;-;-
99910;Regionalatlas Deutschland;JAHR;Jahr;2017;KREISE;Kreise und kreisfreie Städte;15266;      Sangerhausen, Kreis;-;-;-;-;-;-;-
99910;Regionalatlas Deutschland;JAHR;Jahr;2017;KREISE;Kreise und kreisfreie Städte;15268;      Weißenfels, Kreis;-;-;-;-;-;-;-
99910;Regionalatlas Deutschland;JAHR;Jahr;2017;KREISE;Kreise und kreisfreie Städte;153;    Magdeburg, Stat. Region;-;-;-;-;-;-;-
99910;Regionalatlas Deutschland;JAHR;Jahr;2017;KREISE;Kreise und kreisfreie Städte;15303;      Magdeburg, kreisfreie Stadt;-;-;-;-;-;-;-
99910;Regionalatlas Deutschland;JAHR;Jahr;2017;KREISE;Kreise und kreisfreie Städte;15352;      Aschersleben-Staßfurt, Kreis;-;-;-;-;-;-;-
99910;Regionalatlas Deutschland;JAHR;Jahr;2017;KREISE;Kreise und kreisfreie Städte;15355;      Bördekreis;-;-;-;-;-;-;-
99910;Regionalatlas Deutschland;JAHR;Jahr;2017;KREISE;Kreise und kreisfreie Städte;15357;      Halberstadt, Kreis;-;-;-;-;-;-;-
99910;Regionalatlas Deutschland;JAHR;Jahr;2017;KREISE;Kreise und kreisfreie Städte;15358;      Jerichower Land, Kreis;-;-;-;-;-;-;-
99910;Regionalatlas Deutschland;JAHR;Jahr;2017;KREISE;Kreise und kreisfreie Städte;15362;      Ohrekreis;-;-;-;-;-;-;-
99910;Regionalatlas Deutschland;JAHR;Jahr;2017;KREISE;Kreise und kreisfreie Städte;15363;      Stendal, Kreis;-;-;-;-;-;-;-
99910;Regionalatlas Deutschland;JAHR;Jahr;2017;KREISE;Kreise und kreisfreie Städte;15364;      Quedlinburg, Kreis;-;-;-;-;-;-;-
99910;Regionalatlas Deutschland;JAHR;Jahr;2017;KREISE;Kreise und kreisfreie Städte;15367;      Schönebeck, Kreis;-;-;-;-;-;-;-
99910;Regionalatlas Deutschland;JAHR;Jahr;2017;KREISE;Kreise und kreisfreie Städte;15369;      Wernigerode, Kreis;-;-;-;-;-;-;-
99910;Regionalatlas Deutschland;JAHR;Jahr;2017;KREISE;Kreise und kreisfreie Städte;15370;      Altmarkkreis Salzwedel, Kreis;-;-;-;-;-;-;-
99910;Regionalatlas Deutschland;JAHR;Jahr;2017;KREISE;Kreise und kreisfreie Städte;16;  Thüringen;28,8;13,2;7,8;4,1;16,9;22,7;74,3
99910;Regionalatlas Deutschland;JAHR;Jahr;2017;KREISE;Kreise und kreisfreie Städte;16051;      Erfurt, kreisfreie Stadt;25,2;14,4;8,6;7,0;19,6;18,5;75,6
99910;Regionalatlas Deutschland;JAHR;Jahr;2017;KREISE;Kreise und kreisfreie Städte;16052;      Gera, kreisfreie Stadt;22,6;10,5;8,3;3,0;20,7;28,5;72,2
99910;Regionalatlas Deutschland;JAHR;Jahr;2017;KREISE;Kreise und kreisfreie Städte;16053;      Jena, kreisfreie Stadt;23,0;13,5;9,5;10,2;22,8;14,4;78,9
99910;Regionalatlas Deutschland;JAHR;Jahr;2017;KREISE;Kreise und kreisfreie Städte;16054;      Suhl, kreisfreie Stadt;25,7;13,2;7,6;3,7;23,3;19,9;71,7
99910;Regionalatlas Deutschland;JAHR;Jahr;2017;KREISE;Kreise und kreisfreie Städte;16055;      Weimar, kreisfreie Stadt;25,7;13,8;8,5;9,9;19,3;16,1;75,8
99910;Regionalatlas Deutschland;JAHR;Jahr;2017;KREISE;Kreise und kreisfreie Städte;16056;      Eisenach, kreisfreie Stadt;25,3;15,0;7,6;4,8;18,1;19,0;73,1
99910;Regionalatlas Deutschland;JAHR;Jahr;2017;KREISE;Kreise und kreisfreie Städte;16061;      Eichsfeld, Kreis;43,9;11,3;8,5;3,3;9,2;18,2;76,8
99910;Regionalatlas Deutschland;JAHR;Jahr;2017;KREISE;Kreise und kreisfreie Städte;16062;      Nordhausen, Kreis;28,0;16,5;7,1;3,5;17,5;21,1;70,0
99910;Regionalatlas Deutschland;JAHR;Jahr;2017;KREISE;Kreise und kreisfreie Städte;16063;      Wartburgkreis;31,1;14,3;6,6;3,3;15,4;22,5;74,8
99910;Regionalatlas Deutschland;JAHR;Jahr;2017;KREISE;Kreise und kreisfreie Städte;16064;      Unstrut-Hainich-Kreis;30,6;14,4;7,8;3,2;14,9;23,2;71,7
99910;Regionalatlas Deutschland;JAHR;Jahr;2017;KREISE;Kreise und kreisfreie Städte;16065;      Kyffhäuserkreis;26,0;14,6;7,2;2,4;18,6;25,0;71,7
99910;Regionalatlas Deutschland;JAHR;Jahr;2017;KREISE;Kreise und kreisfreie Städte;16066;      Schmalkalden-Meiningen, Kreis;32,0;14,0;6,8;3,6;15,9;21,6;73,2
99910;Regionalatlas Deutschland;JAHR;Jahr;2017;KREISE;Kreise und kreisfreie Städte;16067;      Gotha, Kreis;28,7;14,5;7,6;3,4;15,5;23,2;73,5
99910;Regionalatlas Deutschland;JAHR;Jahr;2017;KREISE;Kreise und kreisfreie Städte;16068;      Sömmerda, Kreis;29,8;11,9;7,7;2,9;16,3;24,2;73,2
99910;Regionalatlas Deutschland;JAHR;Jahr;2017;KREISE;Kreise und kreisfreie Städte;16069;      Hildburghausen, Kreis;30,1;13,1;6,3;2,9;16,1;25,2;73,6
99910;Regionalatlas Deutschland;JAHR;Jahr;2017;KREISE;Kreise und kreisfreie Städte;16070;      Ilm-Kreis;26,8;13,4;7,8;4,1;15,9;25,0;76,1
99910;Regionalatlas Deutschland;JAHR;Jahr;2017;KREISE;Kreise und kreisfreie Städte;16071;      Weimarer Land, Kreis;31,3;11,6;8,5;3,6;14,4;23,7;76,4
99910;Regionalatlas Deutschland;JAHR;Jahr;2017;KREISE;Kreise und kreisfreie Städte;16072;      Sonneberg, Kreis;29,7;13,3;6,6;2,8;16,1;25,6;70,8
99910;Regionalatlas Deutschland;JAHR;Jahr;2017;KREISE;Kreise und kreisfreie Städte;16073;      Saalfeld-Rudolstadt, Kreis;26,4;12,2;7,6;3,1;16,3;27,0;73,4
99910;Regionalatlas Deutschland;JAHR;Jahr;2017;KREISE;Kreise und kreisfreie Städte;16074;      Saale-Holzland-Kreis;30,0;11,7;8,6;3,3;16,9;23,5;76,9
99910;Regionalatlas Deutschland;JAHR;Jahr;2017;KREISE;Kreise und kreisfreie Städte;16075;      Saale-Orla-Kreis;28,5;12,2;7,2;2,7;16,5;26,5;75,2
99910;Regionalatlas Deutschland;JAHR;Jahr;2017;KREISE;Kreise und kreisfreie Städte;16076;      Greiz, Kreis;30,2;11,3;8,6;2,8;15,7;25,6;76,0
99910;Regionalatlas Deutschland;JAHR;Jahr;2017;KREISE;Kreise und kreisfreie Städte;16077;      Altenburger Land, Kreis;28,9;12,3;7,6;2,3;16,1;27,5;72,1
